LocalTime, GPSTime, ESSID, BSSID, Power, Security, Latitude, Longitude, Latitude Error, Longitude Error, Type
2024-04-01 13:34:29,1900-01-00 00:00:00,,70:8B:CD:5D:7B:B8,-29, ,0.000000,0.000000,0.000,0.000,AP
2024-04-01 13:34:29,1900-01-00 00:00:00,mkschl1,70:8B:CD:5D:7B:B8,-28, WPA2 ,0.000000,0.000000,0.000,0.000,AP
2024-04-01 13:34:29,1900-01-00 00:00:00,mkschl1,70:8B:CD:5D:7B:B8,-28, WPA2 ,0.000000,0.000000,0.000,0.000,AP
2024-04-01 13:34:29,1900-01-00 00:00:00,mkschl1,70:8B:CD:5D:7B:B8,-28, WPA2 ,0.000000,0.000000,0.000,0.000,AP
2024-04-01 13:34:29,1900-01-00 00:00:00,mkschl1,70:8B:CD:5D:7B:B8,-28, WPA2 ,0.000000,0.000000,0.000,0.000,AP
2024-04-01 13:34:29,1900-01-00 00:00:00,mkschl1,70:8B:CD:5D:7B:B8,-29, WPA2 ,0.000000,0.000000,0.000,0.000,AP
2024-04-01 13:34:29,1900-01-00 00:00:00,mkschl1,70:8B:CD:5D:7B:B8,-29, WPA2 ,0.000000,0.000000,0.000,0.000,AP
2024-04-01 13:34:29,1900-01-00 00:00:00,mkschl1,70:8B:CD:5D:7B:B8,-29, WPA2 ,0.000000,0.000000,0.000,0.000,AP
2024-04-01 13:34:29,1900-01-00 00:00:00,mkschl1,70:8B:CD:5D:7B:B8,-28, WPA2 ,0.000000,0.000000,0.000,0.000,AP
2024-04-01 13:34:29,1900-01-00 00:00:00,mkschl1,70:8B:CD:5D:7B:B8,-29, WPA2 ,0.000000,0.000000,0.000,0.000,AP
2024-04-01 13:34:29,1900-01-00 00:00:00,mkschl1,70:8B:CD:5D:7B:B8,-29, WPA2 ,0.000000,0.000000,0.000,0.000,AP
2024-04-01 13:34:29,1900-01-00 00:00:00,mkschl1,70:8B:CD:5D:7B:B8,-29, WPA2 ,0.000000,0.000000,0.000,0.000,AP
2024-04-01 13:34:29,1900-01-00 00:00:00,mkschl1,70:8B:CD:5D:7B:B8,-29, WPA2 ,0.000000,0.000000,0.000,0.000,AP
2024-04-01 13:34:29,1900-01-00 00:00:00,mkschl1,70:8B:CD:5D:7B:B8,-29, WPA2 ,0.000000,0.000000,0.000,0.000,AP
2024-04-01 13:34:29,1900-01-00 00:00:00,mkschl1,70:8B:CD:5D:7B:B8,-28, WPA2 ,0.000000,0.000000,0.000,0.000,AP
2024-04-01 13:34:29,1900-01-00 00:00:00,mkschl1,70:8B:CD:5D:7B:B8,-28, WPA2 ,0.000000,0.000000,0.000,0.000,AP
2024-04-01 13:34:29,1900-01-00 00:00:00,mkschl1,70:8B:CD:5D:7B:B8,-29, WPA2 ,0.000000,0.000000,0.000,0.000,AP
2024-04-01 13:34:29,1900-01-00 00:00:00,mkschl1,70:8B:CD:5D:7B:B8,-28, WPA2 ,0.000000,0.000000,0.000,0.000,AP
2024-04-01 13:34:29,1900-01-00 00:00:00,mkschl1,70:8B:CD:5D:7B:B8,-29, WPA2 ,0.000000,0.000000,0.000,0.000,AP
2024-04-01 13:34:29,1900-01-00 00:00:00,mkschl1,70:8B:CD:5D:7B:B8,-26, WPA2 ,0.000000,0.000000,0.000,0.000,AP
2024-04-01 13:34:29,1900-01-00 00:00:00,mkschl1,70:8B:CD:5D:7B:B8,-28, WPA2 ,0.000000,0.000000,0.000,0.000,AP
2024-04-01 13:34:30,1900-01-00 00:00:00,mkschl1,70:8B:CD:5D:7B:B8,-29, WPA2 ,0.000000,0.000000,0.000,0.000,AP
2024-04-01 13:34:30,1900-01-00 00:00:00,mkschl1,70:8B:CD:5D:7B:B8,-29, WPA2 ,0.000000,0.000000,0.000,0.000,AP
2024-04-01 13:34:30,1900-01-00 00:00:00,mkschl1,70:8B:CD:5D:7B:B8,-29, WPA2 ,0.000000,0.000000,0.000,0.000,AP
2024-04-01 13:34:30,1900-01-00 00:00:00,mkschl1,70:8B:CD:5D:7B:B8,-29, WPA2 ,0.000000,0.000000,0.000,0.000,AP
2024-04-01 13:34:30,1900-01-00 00:00:00,mkschl1,70:8B:CD:5D:7B:B8,-29, WPA2 ,0.000000,0.000000,0.000,0.000,AP
2024-04-01 13:34:30,1900-01-00 00:00:00,mkschl1,70:8B:CD:5D:7B:B8,-29, WPA2 ,0.000000,0.000000,0.000,0.000,AP
2024-04-01 13:34:30,1900-01-00 00:00:00,mkschl1,70:8B:CD:5D:7B:B8,-29, WPA2 ,0.000000,0.000000,0.000,0.000,AP
2024-04-01 13:34:30,1900-01-00 00:00:00,mkschl1,70:8B:CD:5D:7B:B8,-29, WPA2 ,0.000000,0.000000,0.000,0.000,AP
2024-04-01 13:34:30,1900-01-00 00:00:00,mkschl1,70:8B:CD:5D:7B:B8,-29, WPA2 ,0.000000,0.000000,0.000,0.000,AP
2024-04-01 13:34:30,1900-01-00 00:00:00,mkschl1,70:8B:CD:5D:7B:B8,-30, WPA2 ,0.000000,0.000000,0.000,0.000,AP
2024-04-01 13:34:31,1900-01-00 00:00:00,mkschl1,70:8B:CD:5D:7B:B8,-29, WPA2 ,0.000000,0.000000,0.000,0.000,AP
2024-04-01 13:34:31,1900-01-00 00:00:00,mkschl1,70:8B:CD:5D:7B:B8,-29, WPA2 ,0.000000,0.000000,0.000,0.000,AP
2024-04-01 13:34:31,1900-01-00 00:00:00,mkschl1,70:8B:CD:5D:7B:B8,-29, WPA2 ,0.000000,0.000000,0.000,0.000,AP
2024-04-01 13:34:31,1900-01-00 00:00:00,mkschl1,70:8B:CD:5D:7B:B8,-29, WPA2 ,0.000000,0.000000,0.000,0.000,AP
2024-04-01 13:34:31,1900-01-00 00:00:00,mkschl1,70:8B:CD:5D:7B:B8,-29, WPA2 ,0.000000,0.000000,0.000,0.000,AP
2024-04-01 13:34:31,1900-01-00 00:00:00,mkschl1,70:8B:CD:5D:7B:B8,-29, WPA2 ,0.000000,0.000000,0.000,0.000,AP
2024-04-01 13:34:31,1900-01-00 00:00:00,mkschl1,70:8B:CD:5D:7B:B8,-29, WPA2 ,0.000000,0.000000,0.000,0.000,AP
2024-04-01 13:34:31,1900-01-00 00:00:00,mkschl1,70:8B:CD:5D:7B:B8,-29, WPA2 ,0.000000,0.000000,0.000,0.000,AP
2024-04-01 13:34:31,1900-01-00 00:00:00,mkschl1,70:8B:CD:5D:7B:B8,-30, WPA2 ,0.000000,0.000000,0.000,0.000,AP
2024-04-01 13:34:31,1900-01-00 00:00:00,mkschl1,70:8B:CD:5D:7B:B8,-30, WPA2 ,0.000000,0.000000,0.000,0.000,AP
2024-04-01 13:34:31,1900-01-00 00:00:00,mkschl1,70:8B:CD:5D:7B:B8,-30, WPA2 ,0.000000,0.000000,0.000,0.000,AP
2024-04-01 13:34:31,1900-01-00 00:00:00,mkschl1,70:8B:CD:5D:7B:B8,-30, WPA2 ,0.000000,0.000000,0.000,0.000,AP
2024-04-01 13:34:31,1900-01-00 00:00:00,mkschl1,70:8B:CD:5D:7B:B8,-30, WPA2 ,0.000000,0.000000,0.000,0.000,AP
2024-04-01 13:34:32,1900-01-00 00:00:00,mkschl1,70:8B:CD:5D:7B:B8,-30, WPA2 ,0.000000,0.000000,0.000,0.000,AP
2024-04-01 13:34:32,1900-01-00 00:00:00,mkschl1,70:8B:CD:5D:7B:B8,-30, WPA2 ,0.000000,0.000000,0.000,0.000,AP
2024-04-01 13:34:32,1900-01-00 00:00:00,mkschl1,70:8B:CD:5D:7B:B8,-30, WPA2 ,0.000000,0.000000,0.000,0.000,AP
2024-04-01 13:34:32,1900-01-00 00:00:00,mkschl1,70:8B:CD:5D:7B:B8,-30, WPA2 ,0.000000,0.000000,0.000,0.000,AP
2024-04-01 13:34:32,1900-01-00 00:00:00,mkschl1,70:8B:CD:5D:7B:B8,-30, WPA2 ,0.000000,0.000000,0.000,0.000,AP
2024-04-01 13:34:32,1900-01-00 00:00:00,mkschl1,70:8B:CD:5D:7B:B8,-31, WPA2 ,0.000000,0.000000,0.000,0.000,AP
2024-04-01 13:34:32,1900-01-00 00:00:00,mkschl1,70:8B:CD:5D:7B:B8,-31, WPA2 ,0.000000,0.000000,0.000,0.000,AP
2024-04-01 13:34:32,1900-01-00 00:00:00,mkschl1,70:8B:CD:5D:7B:B8,-31, WPA2 ,0.000000,0.000000,0.000,0.000,AP
2024-04-01 13:34:32,1900-01-00 00:00:00,mkschl1,70:8B:CD:5D:7B:B8,-31, WPA2 ,0.000000,0.000000,0.000,0.000,AP
2024-04-01 13:34:32,1900-01-00 00:00:00,mkschl1,70:8B:CD:5D:7B:B8,-31, WPA2 ,0.000000,0.000000,0.000,0.000,AP
2024-04-01 13:34:32,1900-01-00 00:00:00,mkschl1,70:8B:CD:5D:7B:B8,-31, WPA2 ,0.000000,0.000000,0.000,0.000,AP
2024-04-01 13:34:33,1900-01-00 00:00:00,mkschl1,70:8B:CD:5D:7B:B8,-31, WPA2 ,0.000000,0.000000,0.000,0.000,AP
2024-04-01 13:34:33,1900-01-00 00:00:00,mkschl1,70:8B:CD:5D:7B:B8,-31, WPA2 ,0.000000,0.000000,0.000,0.000,AP
2024-04-01 13:34:33,1900-01-00 00:00:00,mkschl1,70:8B:CD:5D:7B:B8,-31, WPA2 ,0.000000,0.000000,0.000,0.000,AP
2024-04-01 13:34:33,1900-01-00 00:00:00,mkschl1,70:8B:CD:5D:7B:B8,-31, WPA2 ,0.000000,0.000000,0.000,0.000,AP
2024-04-01 13:34:33,1900-01-00 00:00:00,mkschl1,70:8B:CD:5D:7B:B8,-31, WPA2 ,0.000000,0.000000,0.000,0.000,AP
2024-04-01 13:34:33,1900-01-00 00:00:00,mkschl1,70:8B:CD:5D:7B:B8,-31, WPA2 ,0.000000,0.000000,0.000,0.000,AP
2024-04-01 13:34:33,1900-01-00 00:00:00,mkschl1,70:8B:CD:5D:7B:B8,-31, WPA2 ,0.000000,0.000000,0.000,0.000,AP
2024-04-01 13:34:33,1900-01-00 00:00:00,mkschl1,70:8B:CD:5D:7B:B8,-31, WPA2 ,0.000000,0.000000,0.000,0.000,AP
2024-04-01 13:34:33,1900-01-00 00:00:00,mkschl1,70:8B:CD:5D:7B:B8,-31, WPA2 ,0.000000,0.000000,0.000,0.000,AP
2024-04-01 13:34:33,1900-01-00 00:00:00,mkschl1,70:8B:CD:5D:7B:B8,-30, WPA2 ,0.000000,0.000000,0.000,0.000,AP
2024-04-01 13:34:34,1900-01-00 00:00:00,mkschl1,70:8B:CD:5D:7B:B8,-31, WPA2 ,0.000000,0.000000,0.000,0.000,AP
2024-04-01 13:34:34,1900-01-00 00:00:00,mkschl1,70:8B:CD:5D:7B:B8,-31, WPA2 ,0.000000,0.000000,0.000,0.000,AP
2024-04-01 13:34:34,1900-01-00 00:00:00,mkschl1,70:8B:CD:5D:7B:B8,-31, WPA2 ,0.000000,0.000000,0.000,0.000,AP
2024-04-01 13:34:34,1900-01-00 00:00:00,mkschl1,70:8B:CD:5D:7B:B8,-31, WPA2 ,0.000000,0.000000,0.000,0.000,AP
2024-04-01 13:34:34,1900-01-00 00:00:00,mkschl1,70:8B:CD:5D:7B:B8,-31, WPA2 ,0.000000,0.000000,0.000,0.000,AP
2024-04-01 13:34:34,1900-01-00 00:00:00,mkschl1,70:8B:CD:5D:7B:B8,-31, WPA2 ,0.000000,0.000000,0.000,0.000,AP
2024-04-01 13:34:34,1900-01-00 00:00:00,mkschl1,70:8B:CD:5D:7B:B8,-31, WPA2 ,0.000000,0.000000,0.000,0.000,AP
2024-04-01 13:34:34,1900-01-00 00:00:00,mkschl1,70:8B:CD:5D:7B:B8,-31, WPA2 ,0.000000,0.000000,0.000,0.000,AP
2024-04-01 13:34:34,1900-01-00 00:00:00,mkschl1,70:8B:CD:5D:7B:B8,-31, WPA2 ,0.000000,0.000000,0.000,0.000,AP
2024-04-01 13:34:34,1900-01-00 00:00:00,mkschl1,70:8B:CD:5D:7B:B8,-31, WPA2 ,0.000000,0.000000,0.000,0.000,AP
2024-04-01 13:34:34,1900-01-00 00:00:00,mkschl1,70:8B:CD:5D:7B:B8,-31, WPA2 ,0.000000,0.000000,0.000,0.000,AP
2024-04-01 13:34:34,1900-01-00 00:00:00,mkschl1,70:8B:CD:5D:7B:B8,-31, WPA2 ,0.000000,0.000000,0.000,0.000,AP
2024-04-01 13:34:34,1900-01-00 00:00:00,mkschl1,70:8B:CD:5D:7B:B8,-31, WPA2 ,0.000000,0.000000,0.000,0.000,AP
2024-04-01 13:34:34,1900-01-00 00:00:00,mkschl1,70:8B:CD:5D:7B:B8,-31, WPA2 ,0.000000,0.000000,0.000,0.000,AP
2024-04-01 13:34:34,1900-01-00 00:00:00,mkschl1,70:8B:CD:5D:7B:B8,-30, WPA2 ,0.000000,0.000000,0.000,0.000,AP
2024-04-01 13:34:34,1900-01-00 00:00:00,mkschl1,70:8B:CD:5D:7B:B8,-31, WPA2 ,0.000000,0.000000,0.000,0.000,AP
2024-04-01 13:34:34,1900-01-00 00:00:00,mkschl1,70:8B:CD:5D:7B:B8,-31, WPA2 ,0.000000,0.000000,0.000,0.000,AP
2024-04-01 13:34:34,1900-01-00 00:00:00,mkschl1,70:8B:CD:5D:7B:B8,-31, WPA2 ,0.000000,0.000000,0.000,0.000,AP
2024-04-01 13:34:34,1900-01-00 00:00:00,mkschl1,70:8B:CD:5D:7B:B8,-31, WPA2 ,0.000000,0.000000,0.000,0.000,AP
2024-04-01 13:34:34,1900-01-00 00:00:00,mkschl1,70:8B:CD:5D:7B:B8,-31, WPA2 ,0.000000,0.000000,0.000,0.000,AP
2024-04-01 13:34:34,1900-01-00 00:00:00,mkschl1,70:8B:CD:5D:7B:B8,-31, WPA2 ,0.000000,0.000000,0.000,0.000,AP
2024-04-01 13:34:34,1900-01-00 00:00:00,mkschl1,70:8B:CD:5D:7B:B8,-31, WPA2 ,0.000000,0.000000,0.000,0.000,AP
2024-04-01 13:34:34,1900-01-00 00:00:00,mkschl1,70:8B:CD:5D:7B:B8,-31, WPA2 ,0.000000,0.000000,0.000,0.000,AP
2024-04-01 13:34:34,1900-01-00 00:00:00,mkschl1,70:8B:CD:5D:7B:B8,-31, WPA2 ,0.000000,0.000000,0.000,0.000,AP
2024-04-01 13:34:34,1900-01-00 00:00:00,mkschl1,70:8B:CD:5D:7B:B8,-31, WPA2 ,0.000000,0.000000,0.000,0.000,AP
2024-04-01 13:34:34,1900-01-00 00:00:00,mkschl1,70:8B:CD:5D:7B:B8,-31, WPA2 ,0.000000,0.000000,0.000,0.000,AP
2024-04-01 13:34:35,1900-01-00 00:00:00,mkschl1,70:8B:CD:5D:7B:B8,-31, WPA2 ,0.000000,0.000000,0.000,0.000,AP
2024-04-01 13:34:35,1900-01-00 00:00:00,mkschl1,70:8B:CD:5D:7B:B8,-31, WPA2 ,0.000000,0.000000,0.000,0.000,AP
2024-04-01 13:34:35,1900-01-00 00:00:00,mkschl1,70:8B:CD:5D:7B:B8,-31, WPA2 ,0.000000,0.000000,0.000,0.000,AP
2024-04-01 13:34:35,1900-01-00 00:00:00,mkschl1,70:8B:CD:5D:7B:B8,-31, WPA2 ,0.000000,0.000000,0.000,0.000,AP
2024-04-01 13:34:35,1900-01-00 00:00:00,mkschl1,70:8B:CD:5D:7B:B8,-30, WPA2 ,0.000000,0.000000,0.000,0.000,AP
2024-04-01 13:34:35,1900-01-00 00:00:00,mkschl1,70:8B:CD:5D:7B:B8,-31, WPA2 ,0.000000,0.000000,0.000,0.000,AP
2024-04-01 13:34:35,1900-01-00 00:00:00,mkschl1,70:8B:CD:5D:7B:B8,-31, WPA2 ,0.000000,0.000000,0.000,0.000,AP
2024-04-01 13:34:35,1900-01-00 00:00:00,mkschl1,70:8B:CD:5D:7B:B8,-31, WPA2 ,0.000000,0.000000,0.000,0.000,AP
2024-04-01 13:34:35,1900-01-00 00:00:00,mkschl1,70:8B:CD:5D:7B:B8,-31, WPA2 ,0.000000,0.000000,0.000,0.000,AP
2024-04-01 13:34:35,1900-01-00 00:00:00,mkschl1,70:8B:CD:5D:7B:B8,-31, WPA2 ,0.000000,0.000000,0.000,0.000,AP
2024-04-01 13:34:35,1900-01-00 00:00:00,mkschl1,70:8B:CD:5D:7B:B8,-31, WPA2 ,0.000000,0.000000,0.000,0.000,AP
2024-04-01 13:34:35,1900-01-00 00:00:00,mkschl1,70:8B:CD:5D:7B:B8,-31, WPA2 ,0.000000,0.000000,0.000,0.000,AP
2024-04-01 13:34:35,1900-01-00 00:00:00,mkschl1,70:8B:CD:5D:7B:B8,-31, WPA2 ,0.000000,0.000000,0.000,0.000,AP
2024-04-01 13:34:35,1900-01-00 00:00:00,mkschl1,70:8B:CD:5D:7B:B8,-31, WPA2 ,0.000000,0.000000,0.000,0.000,AP
2024-04-01 13:34:35,1900-01-00 00:00:00,mkschl1,70:8B:CD:5D:7B:B8,-31, WPA2 ,0.000000,0.000000,0.000,0.000,AP
2024-04-01 13:34:35,1900-01-00 00:00:00,mkschl1,70:8B:CD:5D:7B:B8,-31, WPA2 ,0.000000,0.000000,0.000,0.000,AP
2024-04-01 13:34:35,1900-01-00 00:00:00,mkschl1,70:8B:CD:5D:7B:B8,-31, WPA2 ,0.000000,0.000000,0.000,0.000,AP
2024-04-01 13:34:35,1900-01-00 00:00:00,mkschl1,70:8B:CD:5D:7B:B8,-30, WPA2 ,0.000000,0.000000,0.000,0.000,AP
2024-04-01 13:34:35,1900-01-00 00:00:00,mkschl1,70:8B:CD:5D:7B:B8,-31, WPA2 ,0.000000,0.000000,0.000,0.000,AP
2024-04-01 13:34:35,1900-01-00 00:00:00,mkschl1,70:8B:CD:5D:7B:B8,-31, WPA2 ,0.000000,0.000000,0.000,0.000,AP
2024-04-01 13:34:35,1900-01-00 00:00:00,mkschl1,70:8B:CD:5D:7B:B8,-31, WPA2 ,0.000000,0.000000,0.000,0.000,AP
2024-04-01 13:34:36,1900-01-00 00:00:00,mkschl1,70:8B:CD:5D:7B:B8,-31, WPA2 ,0.000000,0.000000,0.000,0.000,AP
2024-04-01 13:34:36,1900-01-00 00:00:00,mkschl1,70:8B:CD:5D:7B:B8,-31, WPA2 ,0.000000,0.000000,0.000,0.000,AP
2024-04-01 13:34:36,1900-01-00 00:00:00,mkschl1,70:8B:CD:5D:7B:B8,-31, WPA2 ,0.000000,0.000000,0.000,0.000,AP
2024-04-01 13:34:36,1900-01-00 00:00:00,mkschl1,70:8B:CD:5D:7B:B8,-31, WPA2 ,0.000000,0.000000,0.000,0.000,AP
2024-04-01 13:34:36,1900-01-00 00:00:00,mkschl1,70:8B:CD:5D:7B:B8,-31, WPA2 ,0.000000,0.000000,0.000,0.000,AP
2024-04-01 13:34:36,1900-01-00 00:00:00,mkschl1,70:8B:CD:5D:7B:B8,-31, WPA2 ,0.000000,0.000000,0.000,0.000,AP
2024-04-01 13:34:36,1900-01-00 00:00:00,mkschl1,70:8B:CD:5D:7B:B8,-31, WPA2 ,0.000000,0.000000,0.000,0.000,AP
2024-04-01 13:34:36,1900-01-00 00:00:00,mkschl1,70:8B:CD:5D:7B:B8,-31, WPA2 ,0.000000,0.000000,0.000,0.000,AP
2024-04-01 13:34:36,1900-01-00 00:00:00,mkschl1,70:8B:CD:5D:7B:B8,-31, WPA2 ,0.000000,0.000000,0.000,0.000,AP
2024-04-01 13:34:36,1900-01-00 00:00:00,mkschl1,70:8B:CD:5D:7B:B8,-31, WPA2 ,0.000000,0.000000,0.000,0.000,AP
2024-04-01 13:34:36,1900-01-00 00:00:00,mkschl1,70:8B:CD:5D:7B:B8,-31, WPA2 ,0.000000,0.000000,0.000,0.000,AP
2024-04-01 13:34:36,1900-01-00 00:00:00,mkschl1,70:8B:CD:5D:7B:B8,-31, WPA2 ,0.000000,0.000000,0.000,0.000,AP
2024-04-01 13:34:36,1900-01-00 00:00:00,mkschl1,70:8B:CD:5D:7B:B8,-31, WPA2 ,0.000000,0.000000,0.000,0.000,AP
2024-04-01 13:34:36,1900-01-00 00:00:00,mkschl1,70:8B:CD:5D:7B:B8,-31, WPA2 ,0.000000,0.000000,0.000,0.000,AP
2024-04-01 13:34:36,1900-01-00 00:00:00,mkschl1,70:8B:CD:5D:7B:B8,-30, WPA2 ,0.000000,0.000000,0.000,0.000,AP
2024-04-01 13:34:36,1900-01-00 00:00:00,mkschl1,70:8B:CD:5D:7B:B8,-31, WPA2 ,0.000000,0.000000,0.000,0.000,AP
2024-04-01 13:34:36,1900-01-00 00:00:00,mkschl1,70:8B:CD:5D:7B:B8,-31, WPA2 ,0.000000,0.000000,0.000,0.000,AP
2024-04-01 13:34:36,1900-01-00 00:00:00,mkschl1,70:8B:CD:5D:7B:B8,-31, WPA2 ,0.000000,0.000000,0.000,0.000,AP
2024-04-01 13:34:36,1900-01-00 00:00:00,mkschl1,70:8B:CD:5D:7B:B8,-30, WPA2 ,0.000000,0.000000,0.000,0.000,AP
2024-04-01 13:34:36,1900-01-00 00:00:00,mkschl1,70:8B:CD:5D:7B:B8,-31, WPA2 ,0.000000,0.000000,0.000,0.000,AP
2024-04-01 13:34:36,1900-01-00 00:00:00,mkschl1,70:8B:CD:5D:7B:B8,-30, WPA2 ,0.000000,0.000000,0.000,0.000,AP
2024-04-01 13:34:36,1900-01-00 00:00:00,mkschl1,70:8B:CD:5D:7B:B8,-31, WPA2 ,0.000000,0.000000,0.000,0.000,AP
2024-04-01 13:34:36,1900-01-00 00:00:00,mkschl1,70:8B:CD:5D:7B:B8,-30, WPA2 ,0.000000,0.000000,0.000,0.000,AP
2024-04-01 13:34:36,1900-01-00 00:00:00,mkschl1,70:8B:CD:5D:7B:B8,-31, WPA2 ,0.000000,0.000000,0.000,0.000,AP
2024-04-01 13:34:36,1900-01-00 00:00:00,mkschl1,70:8B:CD:5D:7B:B8,-31, WPA2 ,0.000000,0.000000,0.000,0.000,AP
2024-04-01 13:34:36,1900-01-00 00:00:00,mkschl1,70:8B:CD:5D:7B:B8,-30, WPA2 ,0.000000,0.000000,0.000,0.000,AP
2024-04-01 13:34:36,1900-01-00 00:00:00,mkschl1,70:8B:CD:5D:7B:B8,-30, WPA2 ,0.000000,0.000000,0.000,0.000,AP
2024-04-01 13:34:36,1900-01-00 00:00:00,mkschl1,70:8B:CD:5D:7B:B8,-30, WPA2 ,0.000000,0.000000,0.000,0.000,AP
2024-04-01 13:34:36,1900-01-00 00:00:00,mkschl1,70:8B:CD:5D:7B:B8,-30, WPA2 ,0.000000,0.000000,0.000,0.000,AP
2024-04-01 13:34:36,1900-01-00 00:00:00,mkschl1,70:8B:CD:5D:7B:B8,-30, WPA2 ,0.000000,0.000000,0.000,0.000,AP
2024-04-01 13:34:36,1900-01-00 00:00:00,mkschl1,70:8B:CD:5D:7B:B8,-30, WPA2 ,0.000000,0.000000,0.000,0.000,AP
2024-04-01 13:34:36,1900-01-00 00:00:00,mkschl1,70:8B:CD:5D:7B:B8,-30, WPA2 ,0.000000,0.000000,0.000,0.000,AP
2024-04-01 13:34:36,1900-01-00 00:00:00,mkschl1,70:8B:CD:5D:7B:B8,-30, WPA2 ,0.000000,0.000000,0.000,0.000,AP
2024-04-01 13:34:36,1900-01-00 00:00:00,mkschl1,70:8B:CD:5D:7B:B8,-30, WPA2 ,0.000000,0.000000,0.000,0.000,AP
2024-04-01 13:34:36,1900-01-00 00:00:00,mkschl1,70:8B:CD:5D:7B:B8,-30, WPA2 ,0.000000,0.000000,0.000,0.000,AP
2024-04-01 13:34:37,1900-01-00 00:00:00,mkschl1,70:8B:CD:5D:7B:B8,-30, WPA2 ,0.000000,0.000000,0.000,0.000,AP
2024-04-01 13:34:37,1900-01-00 00:00:00,mkschl1,70:8B:CD:5D:7B:B8,-30, WPA2 ,0.000000,0.000000,0.000,0.000,AP
2024-04-01 13:34:37,1900-01-00 00:00:00,mkschl1,70:8B:CD:5D:7B:B8,-30, WPA2 ,0.000000,0.000000,0.000,0.000,AP
2024-04-01 13:34:37,1900-01-00 00:00:00,mkschl1,70:8B:CD:5D:7B:B8,-30, WPA2 ,0.000000,0.000000,0.000,0.000,AP
2024-04-01 13:34:37,1900-01-00 00:00:00,mkschl1,70:8B:CD:5D:7B:B8,-30, WPA2 ,0.000000,0.000000,0.000,0.000,AP
2024-04-01 13:34:37,1900-01-00 00:00:00,mkschl1,70:8B:CD:5D:7B:B8,-30, WPA2 ,0.000000,0.000000,0.000,0.000,AP
2024-04-01 13:34:37,1900-01-00 00:00:00,mkschl1,70:8B:CD:5D:7B:B8,-30, WPA2 ,0.000000,0.000000,0.000,0.000,AP
2024-04-01 13:34:37,1900-01-00 00:00:00,mkschl1,70:8B:CD:5D:7B:B8,-30, WPA2 ,0.000000,0.000000,0.000,0.000,AP
2024-04-01 13:34:37,1900-01-00 00:00:00,mkschl1,70:8B:CD:5D:7B:B8,-30, WPA2 ,0.000000,0.000000,0.000,0.000,AP
2024-04-01 13:34:38,1900-01-00 00:00:00,mkschl1,70:8B:CD:5D:7B:B8,-30, WPA2 ,0.000000,0.000000,0.000,0.000,AP
2024-04-01 13:34:38,1900-01-00 00:00:00,mkschl1,70:8B:CD:5D:7B:B8,-30, WPA2 ,0.000000,0.000000,0.000,0.000,AP
2024-04-01 13:34:38,1900-01-00 00:00:00,mkschl1,70:8B:CD:5D:7B:B8,-30, WPA2 ,0.000000,0.000000,0.000,0.000,AP
2024-04-01 13:34:38,1900-01-00 00:00:00,mkschl1,70:8B:CD:5D:7B:B8,-30, WPA2 ,0.000000,0.000000,0.000,0.000,AP
2024-04-01 13:34:38,1900-01-00 00:00:00,mkschl1,70:8B:CD:5D:7B:B8,-31, WPA2 ,0.000000,0.000000,0.000,0.000,AP
2024-04-01 13:34:38,1900-01-00 00:00:00,mkschl1,70:8B:CD:5D:7B:B8,-31, WPA2 ,0.000000,0.000000,0.000,0.000,AP
2024-04-01 13:34:38,1900-01-00 00:00:00,mkschl1,70:8B:CD:5D:7B:B8,-31, WPA2 ,0.000000,0.000000,0.000,0.000,AP
2024-04-01 13:34:38,1900-01-00 00:00:00,mkschl1,70:8B:CD:5D:7B:B8,-31, WPA2 ,0.000000,0.000000,0.000,0.000,AP
2024-04-01 13:34:38,1900-01-00 00:00:00,mkschl1,70:8B:CD:5D:7B:B8,-30, WPA2 ,0.000000,0.000000,0.000,0.000,AP
2024-04-01 13:34:38,1900-01-00 00:00:00,mkschl1,70:8B:CD:5D:7B:B8,-31, WPA2 ,0.000000,0.000000,0.000,0.000,AP
2024-04-01 13:34:38,1900-01-00 00:00:00,mkschl1,70:8B:CD:5D:7B:B8,-31, WPA2 ,0.000000,0.000000,0.000,0.000,AP
2024-04-01 13:34:38,1900-01-00 00:00:00,mkschl1,70:8B:CD:5D:7B:B8,-31, WPA2 ,0.000000,0.000000,0.000,0.000,AP
2024-04-01 13:34:38,1900-01-00 00:00:00,mkschl1,70:8B:CD:5D:7B:B8,-27, WPA2 ,0.000000,0.000000,0.000,0.000,AP
2024-04-01 13:34:38,1900-01-00 00:00:00,mkschl1,70:8B:CD:5D:7B:B8,-30, WPA2 ,0.000000,0.000000,0.000,0.000,AP
2024-04-01 13:34:38,1900-01-00 00:00:00,mkschl1,70:8B:CD:5D:7B:B8,-30, WPA2 ,0.000000,0.000000,0.000,0.000,AP
2024-04-01 13:34:39,1900-01-00 00:00:00,mkschl1,70:8B:CD:5D:7B:B8,-30, WPA2 ,0.000000,0.000000,0.000,0.000,AP
2024-04-01 13:34:39,1900-01-00 00:00:00,mkschl1,70:8B:CD:5D:7B:B8,-30, WPA2 ,0.000000,0.000000,0.000,0.000,AP
2024-04-01 13:34:39,1900-01-00 00:00:00,mkschl1,70:8B:CD:5D:7B:B8,-30, WPA2 ,0.000000,0.000000,0.000,0.000,AP
2024-04-01 13:34:39,1900-01-00 00:00:00,mkschl1,70:8B:CD:5D:7B:B8,-30, WPA2 ,0.000000,0.000000,0.000,0.000,AP
2024-04-01 13:34:39,1900-01-00 00:00:00,mkschl1,70:8B:CD:5D:7B:B8,-30, WPA2 ,0.000000,0.000000,0.000,0.000,AP
2024-04-01 13:34:39,1900-01-00 00:00:00,mkschl1,70:8B:CD:5D:7B:B8,-30, WPA2 ,0.000000,0.000000,0.000,0.000,AP
2024-04-01 13:34:39,1900-01-00 00:00:00,mkschl1,70:8B:CD:5D:7B:B8,-30, WPA2 ,0.000000,0.000000,0.000,0.000,AP
2024-04-01 13:34:39,1900-01-00 00:00:00,mkschl1,70:8B:CD:5D:7B:B8,-30, WPA2 ,0.000000,0.000000,0.000,0.000,AP
2024-04-01 13:34:39,1900-01-00 00:00:00,mkschl1,70:8B:CD:5D:7B:B8,-30, WPA2 ,0.000000,0.000000,0.000,0.000,AP
2024-04-01 13:34:39,1900-01-00 00:00:00,mkschl1,70:8B:CD:5D:7B:B8,-30, WPA2 ,0.000000,0.000000,0.000,0.000,AP
2024-04-01 13:34:40,1900-01-00 00:00:00,mkschl1,70:8B:CD:5D:7B:B8,-30, WPA2 ,0.000000,0.000000,0.000,0.000,AP
2024-04-01 13:34:40,1900-01-00 00:00:00,mkschl1,70:8B:CD:5D:7B:B8,-30, WPA2 ,0.000000,0.000000,0.000,0.000,AP
2024-04-01 13:34:40,1900-01-00 00:00:00,mkschl1,70:8B:CD:5D:7B:B8,-31, WPA2 ,0.000000,0.000000,0.000,0.000,AP
2024-04-01 13:34:40,1900-01-00 00:00:00,mkschl1,70:8B:CD:5D:7B:B8,-31, WPA2 ,0.000000,0.000000,0.000,0.000,AP
2024-04-01 13:34:40,1900-01-00 00:00:00,mkschl1,70:8B:CD:5D:7B:B8,-30, WPA2 ,0.000000,0.000000,0.000,0.000,AP
2024-04-01 13:34:40,1900-01-00 00:00:00,mkschl1,70:8B:CD:5D:7B:B8,-30, WPA2 ,0.000000,0.000000,0.000,0.000,AP
2024-04-01 13:34:40,1900-01-00 00:00:00,mkschl1,70:8B:CD:5D:7B:B8,-30, WPA2 ,0.000000,0.000000,0.000,0.000,AP
2024-04-01 13:34:40,1900-01-00 00:00:00,mkschl1,70:8B:CD:5D:7B:B8,-30, WPA2 ,0.000000,0.000000,0.000,0.000,AP
2024-04-01 13:34:40,1900-01-00 00:00:00,mkschl1,70:8B:CD:5D:7B:B8,-30, WPA2 ,0.000000,0.000000,0.000,0.000,AP
2024-04-01 13:34:40,1900-01-00 00:00:00,mkschl1,70:8B:CD:5D:7B:B8,-30, WPA2 ,0.000000,0.000000,0.000,0.000,AP
2024-04-01 13:34:40,1900-01-00 00:00:00,mkschl1,70:8B:CD:5D:7B:B8,-30, WPA2 ,0.000000,0.000000,0.000,0.000,AP
2024-04-01 13:34:40,1900-01-00 00:00:00,mkschl1,70:8B:CD:5D:7B:B8,-30, WPA2 ,0.000000,0.000000,0.000,0.000,AP
2024-04-01 13:34:40,1900-01-00 00:00:00,mkschl1,70:8B:CD:5D:7B:B8,-30, WPA2 ,0.000000,0.000000,0.000,0.000,AP
2024-04-01 13:34:40,1900-01-00 00:00:00,mkschl1,70:8B:CD:5D:7B:B8,-30, WPA2 ,0.000000,0.000000,0.000,0.000,AP
2024-04-01 13:34:40,1900-01-00 00:00:00,mkschl1,70:8B:CD:5D:7B:B8,-30, WPA2 ,0.000000,0.000000,0.000,0.000,AP
2024-04-01 13:34:40,1900-01-00 00:00:00,mkschl1,70:8B:CD:5D:7B:B8,-30, WPA2 ,0.000000,0.000000,0.000,0.000,AP
2024-04-01 13:34:40,1900-01-00 00:00:00,mkschl1,70:8B:CD:5D:7B:B8,-30, WPA2 ,0.000000,0.000000,0.000,0.000,AP
2024-04-01 13:34:40,1900-01-00 00:00:00,mkschl1,70:8B:CD:5D:7B:B8,-30, WPA2 ,0.000000,0.000000,0.000,0.000,AP
2024-04-01 13:34:40,1900-01-00 00:00:00,mkschl1,70:8B:CD:5D:7B:B8,-30, WPA2 ,0.000000,0.000000,0.000,0.000,AP
2024-04-01 13:34:40,1900-01-00 00:00:00,mkschl1,70:8B:CD:5D:7B:B8,-30, WPA2 ,0.000000,0.000000,0.000,0.000,AP
2024-04-01 13:34:40,1900-01-00 00:00:00,mkschl1,70:8B:CD:5D:7B:B8,-30, WPA2 ,0.000000,0.000000,0.000,0.000,AP
2024-04-01 13:34:40,1900-01-00 00:00:00,mkschl1,70:8B:CD:5D:7B:B8,-30, WPA2 ,0.000000,0.000000,0.000,0.000,AP
2024-04-01 13:34:40,1900-01-00 00:00:00,mkschl1,70:8B:CD:5D:7B:B8,-30, WPA2 ,0.000000,0.000000,0.000,0.000,AP
2024-04-01 13:34:40,1900-01-00 00:00:00,mkschl1,70:8B:CD:5D:7B:B8,-30, WPA2 ,0.000000,0.000000,0.000,0.000,AP
2024-04-01 13:34:40,1900-01-00 00:00:00,mkschl1,70:8B:CD:5D:7B:B8,-30, WPA2 ,0.000000,0.000000,0.000,0.000,AP
2024-04-01 13:34:40,1900-01-00 00:00:00,mkschl1,70:8B:CD:5D:7B:B8,-31, WPA2 ,0.000000,0.000000,0.000,0.000,AP
2024-04-01 13:34:41,1900-01-00 00:00:00,mkschl1,70:8B:CD:5D:7B:B8,-30, WPA2 ,0.000000,0.000000,0.000,0.000,AP
2024-04-01 13:34:41,1900-01-00 00:00:00,mkschl1,70:8B:CD:5D:7B:B8,-30, WPA2 ,0.000000,0.000000,0.000,0.000,AP
2024-04-01 13:34:41,1900-01-00 00:00:00,mkschl1,70:8B:CD:5D:7B:B8,-31, WPA2 ,0.000000,0.000000,0.000,0.000,AP
2024-04-01 13:34:41,1900-01-00 00:00:00,mkschl1,70:8B:CD:5D:7B:B8,-30, WPA2 ,0.000000,0.000000,0.000,0.000,AP
2024-04-01 13:34:41,1900-01-00 00:00:00,mkschl1,70:8B:CD:5D:7B:B8,-30, WPA2 ,0.000000,0.000000,0.000,0.000,AP
2024-04-01 13:34:41,1900-01-00 00:00:00,mkschl1,70:8B:CD:5D:7B:B8,-30, WPA2 ,0.000000,0.000000,0.000,0.000,AP
2024-04-01 13:34:41,1900-01-00 00:00:00,mkschl1,70:8B:CD:5D:7B:B8,-30, WPA2 ,0.000000,0.000000,0.000,0.000,AP
2024-04-01 13:34:41,1900-01-00 00:00:00,mkschl1,70:8B:CD:5D:7B:B8,-30, WPA2 ,0.000000,0.000000,0.000,0.000,AP
2024-04-01 13:34:41,1900-01-00 00:00:00,mkschl1,70:8B:CD:5D:7B:B8,-30, WPA2 ,0.000000,0.000000,0.000,0.000,AP
2024-04-01 13:34:41,1900-01-00 00:00:00,mkschl1,70:8B:CD:5D:7B:B8,-30, WPA2 ,0.000000,0.000000,0.000,0.000,AP
2024-04-01 13:34:41,1900-01-00 00:00:00,mkschl1,70:8B:CD:5D:7B:B8,-30, WPA2 ,0.000000,0.000000,0.000,0.000,AP
2024-04-01 13:34:41,1900-01-00 00:00:00,mkschl1,70:8B:CD:5D:7B:B8,-30, WPA2 ,0.000000,0.000000,0.000,0.000,AP
2024-04-01 13:34:41,1900-01-00 00:00:00,mkschl1,70:8B:CD:5D:7B:B8,-30, WPA2 ,0.000000,0.000000,0.000,0.000,AP
2024-04-01 13:34:41,1900-01-00 00:00:00,mkschl1,70:8B:CD:5D:7B:B8,-30, WPA2 ,0.000000,0.000000,0.000,0.000,AP
2024-04-01 13:34:41,1900-01-00 00:00:00,mkschl1,70:8B:CD:5D:7B:B8,-30, WPA2 ,0.000000,0.000000,0.000,0.000,AP
2024-04-01 13:34:41,1900-01-00 00:00:00,mkschl1,70:8B:CD:5D:7B:B8,-30, WPA2 ,0.000000,0.000000,0.000,0.000,AP
2024-04-01 13:34:41,1900-01-00 00:00:00,mkschl1,70:8B:CD:5D:7B:B8,-30, WPA2 ,0.000000,0.000000,0.000,0.000,AP
2024-04-01 13:34:41,1900-01-00 00:00:00,mkschl1,70:8B:CD:5D:7B:B8,-30, WPA2 ,0.000000,0.000000,0.000,0.000,AP
2024-04-01 13:34:41,1900-01-00 00:00:00,mkschl1,70:8B:CD:5D:7B:B8,-30, WPA2 ,0.000000,0.000000,0.000,0.000,AP
2024-04-01 13:34:41,1900-01-00 00:00:00,mkschl1,70:8B:CD:5D:7B:B8,-30, WPA2 ,0.000000,0.000000,0.000,0.000,AP
2024-04-01 13:34:41,1900-01-00 00:00:00,mkschl1,70:8B:CD:5D:7B:B8,-30, WPA2 ,0.000000,0.000000,0.000,0.000,AP
2024-04-01 13:34:41,1900-01-00 00:00:00,mkschl1,70:8B:CD:5D:7B:B8,-30, WPA2 ,0.000000,0.000000,0.000,0.000,AP
2024-04-01 13:34:41,1900-01-00 00:00:00,mkschl1,70:8B:CD:5D:7B:B8,-30, WPA2 ,0.000000,0.000000,0.000,0.000,AP
2024-04-01 13:34:41,1900-01-00 00:00:00,mkschl1,70:8B:CD:5D:7B:B8,-30, WPA2 ,0.000000,0.000000,0.000,0.000,AP
2024-04-01 13:34:41,1900-01-00 00:00:00,mkschl1,70:8B:CD:5D:7B:B8,-30, WPA2 ,0.000000,0.000000,0.000,0.000,AP
2024-04-01 13:34:41,1900-01-00 00:00:00,mkschl1,70:8B:CD:5D:7B:B8,-30, WPA2 ,0.000000,0.000000,0.000,0.000,AP
2024-04-01 13:34:41,1900-01-00 00:00:00,mkschl1,70:8B:CD:5D:7B:B8,-30, WPA2 ,0.000000,0.000000,0.000,0.000,AP
2024-04-01 13:34:42,1900-01-00 00:00:00,mkschl1,70:8B:CD:5D:7B:B8,-29, WPA2 ,0.000000,0.000000,0.000,0.000,AP
2024-04-01 13:34:42,1900-01-00 00:00:00,mkschl1,70:8B:CD:5D:7B:B8,-29, WPA2 ,0.000000,0.000000,0.000,0.000,AP
2024-04-01 13:34:42,1900-01-00 00:00:00,mkschl1,70:8B:CD:5D:7B:B8,-28, WPA2 ,0.000000,0.000000,0.000,0.000,AP
2024-04-01 13:34:42,1900-01-00 00:00:00,mkschl1,70:8B:CD:5D:7B:B8,-29, WPA2 ,0.000000,0.000000,0.000,0.000,AP
2024-04-01 13:34:42,1900-01-00 00:00:00,mkschl1,70:8B:CD:5D:7B:B8,-29, WPA2 ,0.000000,0.000000,0.000,0.000,AP
2024-04-01 13:34:42,1900-01-00 00:00:00,mkschl1,70:8B:CD:5D:7B:B8,-29, WPA2 ,0.000000,0.000000,0.000,0.000,AP
2024-04-01 13:34:42,1900-01-00 00:00:00,mkschl1,70:8B:CD:5D:7B:B8,-29, WPA2 ,0.000000,0.000000,0.000,0.000,AP
2024-04-01 13:34:42,1900-01-00 00:00:00,mkschl1,70:8B:CD:5D:7B:B8,-29, WPA2 ,0.000000,0.000000,0.000,0.000,AP
2024-04-01 13:34:42,1900-01-00 00:00:00,mkschl1,70:8B:CD:5D:7B:B8,-29, WPA2 ,0.000000,0.000000,0.000,0.000,AP
2024-04-01 13:34:42,1900-01-00 00:00:00,mkschl1,70:8B:CD:5D:7B:B8,-29, WPA2 ,0.000000,0.000000,0.000,0.000,AP
2024-04-01 13:34:42,1900-01-00 00:00:00,mkschl1,70:8B:CD:5D:7B:B8,-29, WPA2 ,0.000000,0.000000,0.000,0.000,AP
2024-04-01 13:34:42,1900-01-00 00:00:00,mkschl1,70:8B:CD:5D:7B:B8,-30, WPA2 ,0.000000,0.000000,0.000,0.000,AP
2024-04-01 13:34:42,1900-01-00 00:00:00,mkschl1,70:8B:CD:5D:7B:B8,-29, WPA2 ,0.000000,0.000000,0.000,0.000,AP
2024-04-01 13:34:42,1900-01-00 00:00:00,mkschl1,70:8B:CD:5D:7B:B8,-30, WPA2 ,0.000000,0.000000,0.000,0.000,AP
2024-04-01 13:34:42,1900-01-00 00:00:00,mkschl1,70:8B:CD:5D:7B:B8,-29, WPA2 ,0.000000,0.000000,0.000,0.000,AP
2024-04-01 13:34:42,1900-01-00 00:00:00,mkschl1,70:8B:CD:5D:7B:B8,-29, WPA2 ,0.000000,0.000000,0.000,0.000,AP
2024-04-01 13:34:42,1900-01-00 00:00:00,mkschl1,70:8B:CD:5D:7B:B8,-29, WPA2 ,0.000000,0.000000,0.000,0.000,AP
2024-04-01 13:34:42,1900-01-00 00:00:00,mkschl1,70:8B:CD:5D:7B:B8,-30, WPA2 ,0.000000,0.000000,0.000,0.000,AP
2024-04-01 13:34:42,1900-01-00 00:00:00,mkschl1,70:8B:CD:5D:7B:B8,-29, WPA2 ,0.000000,0.000000,0.000,0.000,AP
2024-04-01 13:34:42,1900-01-00 00:00:00,mkschl1,70:8B:CD:5D:7B:B8,-30, WPA2 ,0.000000,0.000000,0.000,0.000,AP
2024-04-01 13:34:42,1900-01-00 00:00:00,mkschl1,70:8B:CD:5D:7B:B8,-30, WPA2 ,0.000000,0.000000,0.000,0.000,AP
2024-04-01 13:34:42,1900-01-00 00:00:00,mkschl1,70:8B:CD:5D:7B:B8,-30, WPA2 ,0.000000,0.000000,0.000,0.000,AP
2024-04-01 13:34:42,1900-01-00 00:00:00,mkschl1,70:8B:CD:5D:7B:B8,-30, WPA2 ,0.000000,0.000000,0.000,0.000,AP
2024-04-01 13:34:42,1900-01-00 00:00:00,mkschl1,70:8B:CD:5D:7B:B8,-31, WPA2 ,0.000000,0.000000,0.000,0.000,AP
2024-04-01 13:34:42,1900-01-00 00:00:00,mkschl1,70:8B:CD:5D:7B:B8,-31, WPA2 ,0.000000,0.000000,0.000,0.000,AP
2024-04-01 13:34:42,1900-01-00 00:00:00,mkschl1,70:8B:CD:5D:7B:B8,-31, WPA2 ,0.000000,0.000000,0.000,0.000,AP
2024-04-01 13:34:42,1900-01-00 00:00:00,mkschl1,70:8B:CD:5D:7B:B8,-31, WPA2 ,0.000000,0.000000,0.000,0.000,AP
2024-04-01 13:34:42,1900-01-00 00:00:00,mkschl1,70:8B:CD:5D:7B:B8,-30, WPA2 ,0.000000,0.000000,0.000,0.000,AP
2024-04-01 13:34:42,1900-01-00 00:00:00,mkschl1,70:8B:CD:5D:7B:B8,-30, WPA2 ,0.000000,0.000000,0.000,0.000,AP
2024-04-01 13:34:42,1900-01-00 00:00:00,mkschl1,70:8B:CD:5D:7B:B8,-31, WPA2 ,0.000000,0.000000,0.000,0.000,AP
2024-04-01 13:34:42,1900-01-00 00:00:00,mkschl1,70:8B:CD:5D:7B:B8,-28, WPA2 ,0.000000,0.000000,0.000,0.000,AP
2024-04-01 13:34:42,1900-01-00 00:00:00,mkschl1,70:8B:CD:5D:7B:B8,-31, WPA2 ,0.000000,0.000000,0.000,0.000,AP
2024-04-01 13:34:42,1900-01-00 00:00:00,mkschl1,70:8B:CD:5D:7B:B8,-31, WPA2 ,0.000000,0.000000,0.000,0.000,AP
2024-04-01 13:34:42,1900-01-00 00:00:00,mkschl1,70:8B:CD:5D:7B:B8,-30, WPA2 ,0.000000,0.000000,0.000,0.000,AP
2024-04-01 13:34:42,1900-01-00 00:00:00,mkschl1,70:8B:CD:5D:7B:B8,-29, WPA2 ,0.000000,0.000000,0.000,0.000,AP
2024-04-01 13:34:43,1900-01-00 00:00:00,mkschl1,70:8B:CD:5D:7B:B8,-29, WPA2 ,0.000000,0.000000,0.000,0.000,AP
2024-04-01 13:34:43,1900-01-00 00:00:00,mkschl1,70:8B:CD:5D:7B:B8,-29, WPA2 ,0.000000,0.000000,0.000,0.000,AP
2024-04-01 13:34:43,1900-01-00 00:00:00,mkschl1,70:8B:CD:5D:7B:B8,-29, WPA2 ,0.000000,0.000000,0.000,0.000,AP
2024-04-01 13:34:43,1900-01-00 00:00:00,mkschl1,70:8B:CD:5D:7B:B8,-29, WPA2 ,0.000000,0.000000,0.000,0.000,AP
2024-04-01 13:34:43,1900-01-00 00:00:00,mkschl1,70:8B:CD:5D:7B:B8,-30, WPA2 ,0.000000,0.000000,0.000,0.000,AP
2024-04-01 13:34:43,1900-01-00 00:00:00,mkschl1,70:8B:CD:5D:7B:B8,-30, WPA2 ,0.000000,0.000000,0.000,0.000,AP
2024-04-01 13:34:43,1900-01-00 00:00:00,mkschl1,70:8B:CD:5D:7B:B8,-30, WPA2 ,0.000000,0.000000,0.000,0.000,AP
2024-04-01 13:34:43,1900-01-00 00:00:00,mkschl1,70:8B:CD:5D:7B:B8,-30, WPA2 ,0.000000,0.000000,0.000,0.000,AP
2024-04-01 13:34:43,1900-01-00 00:00:00,mkschl1,70:8B:CD:5D:7B:B8,-30, WPA2 ,0.000000,0.000000,0.000,0.000,AP
2024-04-01 13:34:43,1900-01-00 00:00:00,mkschl1,70:8B:CD:5D:7B:B8,-30, WPA2 ,0.000000,0.000000,0.000,0.000,AP
2024-04-01 13:34:44,1900-01-00 00:00:00,mkschl1,70:8B:CD:5D:7B:B8,-30, WPA2 ,0.000000,0.000000,0.000,0.000,AP
2024-04-01 13:34:44,1900-01-00 00:00:00,mkschl1,70:8B:CD:5D:7B:B8,-30, WPA2 ,0.000000,0.000000,0.000,0.000,AP
2024-04-01 13:34:44,1900-01-00 00:00:00,mkschl1,70:8B:CD:5D:7B:B8,-30, WPA2 ,0.000000,0.000000,0.000,0.000,AP
2024-04-01 13:34:44,1900-01-00 00:00:00,mkschl1,70:8B:CD:5D:7B:B8,-30, WPA2 ,0.000000,0.000000,0.000,0.000,AP
2024-04-01 13:34:44,1900-01-00 00:00:00,mkschl1,70:8B:CD:5D:7B:B8,-30, WPA2 ,0.000000,0.000000,0.000,0.000,AP
2024-04-01 13:34:44,1900-01-00 00:00:00,mkschl1,70:8B:CD:5D:7B:B8,-30, WPA2 ,0.000000,0.000000,0.000,0.000,AP
2024-04-01 13:34:44,1900-01-00 00:00:00,mkschl1,70:8B:CD:5D:7B:B8,-30, WPA2 ,0.000000,0.000000,0.000,0.000,AP
2024-04-01 13:34:44,1900-01-00 00:00:00,mkschl1,70:8B:CD:5D:7B:B8,-29, WPA2 ,0.000000,0.000000,0.000,0.000,AP
2024-04-01 13:34:44,1900-01-00 00:00:00,mkschl1,70:8B:CD:5D:7B:B8,-29, WPA2 ,0.000000,0.000000,0.000,0.000,AP
2024-04-01 13:34:44,1900-01-00 00:00:00,mkschl1,70:8B:CD:5D:7B:B8,-29, WPA2 ,0.000000,0.000000,0.000,0.000,AP
2024-04-01 13:34:44,1900-01-00 00:00:00,mkschl1,70:8B:CD:5D:7B:B8,-29, WPA2 ,0.000000,0.000000,0.000,0.000,AP
2024-04-01 13:34:44,1900-01-00 00:00:00,mkschl1,70:8B:CD:5D:7B:B8,-29, WPA2 ,0.000000,0.000000,0.000,0.000,AP
2024-04-01 13:34:44,1900-01-00 00:00:00,mkschl1,70:8B:CD:5D:7B:B8,-29, WPA2 ,0.000000,0.000000,0.000,0.000,AP
2024-04-01 13:34:44,1900-01-00 00:00:00,mkschl1,70:8B:CD:5D:7B:B8,-29, WPA2 ,0.000000,0.000000,0.000,0.000,AP
2024-04-01 13:34:44,1900-01-00 00:00:00,mkschl1,70:8B:CD:5D:7B:B8,-29, WPA2 ,0.000000,0.000000,0.000,0.000,AP
2024-04-01 13:34:44,1900-01-00 00:00:00,mkschl1,70:8B:CD:5D:7B:B8,-29, WPA2 ,0.000000,0.000000,0.000,0.000,AP
2024-04-01 13:34:44,1900-01-00 00:00:00,mkschl1,70:8B:CD:5D:7B:B8,-29, WPA2 ,0.000000,0.000000,0.000,0.000,AP
2024-04-01 13:34:44,1900-01-00 00:00:00,mkschl1,70:8B:CD:5D:7B:B8,-29, WPA2 ,0.000000,0.000000,0.000,0.000,AP
2024-04-01 13:34:44,1900-01-00 00:00:00,mkschl1,70:8B:CD:5D:7B:B8,-29, WPA2 ,0.000000,0.000000,0.000,0.000,AP
2024-04-01 13:34:44,1900-01-00 00:00:00,mkschl1,70:8B:CD:5D:7B:B8,-29, WPA2 ,0.000000,0.000000,0.000,0.000,AP
2024-04-01 13:34:44,1900-01-00 00:00:00,mkschl1,70:8B:CD:5D:7B:B8,-29, WPA2 ,0.000000,0.000000,0.000,0.000,AP
2024-04-01 13:34:44,1900-01-00 00:00:00,mkschl1,70:8B:CD:5D:7B:B8,-29, WPA2 ,0.000000,0.000000,0.000,0.000,AP
2024-04-01 13:34:44,1900-01-00 00:00:00,mkschl1,70:8B:CD:5D:7B:B8,-29, WPA2 ,0.000000,0.000000,0.000,0.000,AP
2024-04-01 13:34:44,1900-01-00 00:00:00,mkschl1,70:8B:CD:5D:7B:B8,-29, WPA2 ,0.000000,0.000000,0.000,0.000,AP
2024-04-01 13:34:44,1900-01-00 00:00:00,mkschl1,70:8B:CD:5D:7B:B8,-29, WPA2 ,0.000000,0.000000,0.000,0.000,AP
2024-04-01 13:34:44,1900-01-00 00:00:00,mkschl1,70:8B:CD:5D:7B:B8,-30, WPA2 ,0.000000,0.000000,0.000,0.000,AP
2024-04-01 13:34:45,1900-01-00 00:00:00,mkschl1,70:8B:CD:5D:7B:B8,-29, WPA2 ,0.000000,0.000000,0.000,0.000,AP
2024-04-01 13:34:45,1900-01-00 00:00:00,mkschl1,70:8B:CD:5D:7B:B8,-30, WPA2 ,0.000000,0.000000,0.000,0.000,AP
2024-04-01 13:34:45,1900-01-00 00:00:00,mkschl1,70:8B:CD:5D:7B:B8,-29, WPA2 ,0.000000,0.000000,0.000,0.000,AP
2024-04-01 13:34:45,1900-01-00 00:00:00,mkschl1,70:8B:CD:5D:7B:B8,-29, WPA2 ,0.000000,0.000000,0.000,0.000,AP
2024-04-01 13:34:45,1900-01-00 00:00:00,mkschl1,70:8B:CD:5D:7B:B8,-29, WPA2 ,0.000000,0.000000,0.000,0.000,AP
2024-04-01 13:34:45,1900-01-00 00:00:00,mkschl1,70:8B:CD:5D:7B:B8,-29, WPA2 ,0.000000,0.000000,0.000,0.000,AP
2024-04-01 13:34:45,1900-01-00 00:00:00,mkschl1,70:8B:CD:5D:7B:B8,-29, WPA2 ,0.000000,0.000000,0.000,0.000,AP
2024-04-01 13:34:45,1900-01-00 00:00:00,mkschl1,70:8B:CD:5D:7B:B8,-30, WPA2 ,0.000000,0.000000,0.000,0.000,AP
2024-04-01 13:34:45,1900-01-00 00:00:00,mkschl1,70:8B:CD:5D:7B:B8,-30, WPA2 ,0.000000,0.000000,0.000,0.000,AP
2024-04-01 13:34:45,1900-01-00 00:00:00,mkschl1,70:8B:CD:5D:7B:B8,-30, WPA2 ,0.000000,0.000000,0.000,0.000,AP
2024-04-01 13:34:45,1900-01-00 00:00:00,mkschl1,70:8B:CD:5D:7B:B8,-30, WPA2 ,0.000000,0.000000,0.000,0.000,AP
2024-04-01 13:34:45,1900-01-00 00:00:00,mkschl1,70:8B:CD:5D:7B:B8,-30, WPA2 ,0.000000,0.000000,0.000,0.000,AP
2024-04-01 13:34:45,1900-01-00 00:00:00,mkschl1,70:8B:CD:5D:7B:B8,-30, WPA2 ,0.000000,0.000000,0.000,0.000,AP
2024-04-01 13:34:45,1900-01-00 00:00:00,mkschl1,70:8B:CD:5D:7B:B8,-30, WPA2 ,0.000000,0.000000,0.000,0.000,AP
2024-04-01 13:34:45,1900-01-00 00:00:00,mkschl1,70:8B:CD:5D:7B:B8,-30, WPA2 ,0.000000,0.000000,0.000,0.000,AP
2024-04-01 13:34:45,1900-01-00 00:00:00,mkschl1,70:8B:CD:5D:7B:B8,-31, WPA2 ,0.000000,0.000000,0.000,0.000,AP
2024-04-01 13:34:45,1900-01-00 00:00:00,mkschl1,70:8B:CD:5D:7B:B8,-29, WPA2 ,0.000000,0.000000,0.000,0.000,AP
2024-04-01 13:34:45,1900-01-00 00:00:00,mkschl1,70:8B:CD:5D:7B:B8,-30, WPA2 ,0.000000,0.000000,0.000,0.000,AP
2024-04-01 13:34:45,1900-01-00 00:00:00,mkschl1,70:8B:CD:5D:7B:B8,-30, WPA2 ,0.000000,0.000000,0.000,0.000,AP
2024-04-01 13:34:45,1900-01-00 00:00:00,mkschl1,70:8B:CD:5D:7B:B8,-30, WPA2 ,0.000000,0.000000,0.000,0.000,AP
2024-04-01 13:34:45,1900-01-00 00:00:00,mkschl1,70:8B:CD:5D:7B:B8,-30, WPA2 ,0.000000,0.000000,0.000,0.000,AP
2024-04-01 13:34:45,1900-01-00 00:00:00,mkschl1,70:8B:CD:5D:7B:B8,-30, WPA2 ,0.000000,0.000000,0.000,0.000,AP
2024-04-01 13:34:45,1900-01-00 00:00:00,mkschl1,70:8B:CD:5D:7B:B8,-30, WPA2 ,0.000000,0.000000,0.000,0.000,AP
2024-04-01 13:34:45,1900-01-00 00:00:00,mkschl1,70:8B:CD:5D:7B:B8,-30, WPA2 ,0.000000,0.000000,0.000,0.000,AP
2024-04-01 13:34:45,1900-01-00 00:00:00,mkschl1,70:8B:CD:5D:7B:B8,-30, WPA2 ,0.000000,0.000000,0.000,0.000,AP
2024-04-01 13:34:46,1900-01-00 00:00:00,mkschl1,70:8B:CD:5D:7B:B8,-30, WPA2 ,0.000000,0.000000,0.000,0.000,AP
2024-04-01 13:34:46,1900-01-00 00:00:00,mkschl1,70:8B:CD:5D:7B:B8,-30, WPA2 ,0.000000,0.000000,0.000,0.000,AP
2024-04-01 13:34:46,1900-01-00 00:00:00,mkschl1,70:8B:CD:5D:7B:B8,-30, WPA2 ,0.000000,0.000000,0.000,0.000,AP
2024-04-01 13:34:46,1900-01-00 00:00:00,mkschl1,70:8B:CD:5D:7B:B8,-30, WPA2 ,0.000000,0.000000,0.000,0.000,AP
2024-04-01 13:34:46,1900-01-00 00:00:00,mkschl1,70:8B:CD:5D:7B:B8,-30, WPA2 ,0.000000,0.000000,0.000,0.000,AP
2024-04-01 13:34:46,1900-01-00 00:00:00,mkschl1,70:8B:CD:5D:7B:B8,-30, WPA2 ,0.000000,0.000000,0.000,0.000,AP
2024-04-01 13:34:46,1900-01-00 00:00:00,mkschl1,70:8B:CD:5D:7B:B8,-30, WPA2 ,0.000000,0.000000,0.000,0.000,AP
2024-04-01 13:34:46,1900-01-00 00:00:00,mkschl1,70:8B:CD:5D:7B:B8,-30, WPA2 ,0.000000,0.000000,0.000,0.000,AP
2024-04-01 13:34:46,1900-01-00 00:00:00,mkschl1,70:8B:CD:5D:7B:B8,-30, WPA2 ,0.000000,0.000000,0.000,0.000,AP
2024-04-01 13:34:46,1900-01-00 00:00:00,mkschl1,70:8B:CD:5D:7B:B8,-30, WPA2 ,0.000000,0.000000,0.000,0.000,AP
2024-04-01 13:34:46,1900-01-00 00:00:00,mkschl1,70:8B:CD:5D:7B:B8,-30, WPA2 ,0.000000,0.000000,0.000,0.000,AP
2024-04-01 13:34:46,1900-01-00 00:00:00,mkschl1,70:8B:CD:5D:7B:B8,-27, WPA2 ,0.000000,0.000000,0.000,0.000,AP
2024-04-01 13:34:46,1900-01-00 00:00:00,mkschl1,70:8B:CD:5D:7B:B8,-30, WPA2 ,0.000000,0.000000,0.000,0.000,AP
2024-04-01 13:34:46,1900-01-00 00:00:00,mkschl1,70:8B:CD:5D:7B:B8,-30, WPA2 ,0.000000,0.000000,0.000,0.000,AP
2024-04-01 13:34:46,1900-01-00 00:00:00,mkschl1,70:8B:CD:5D:7B:B8,-30, WPA2 ,0.000000,0.000000,0.000,0.000,AP
2024-04-01 13:34:46,1900-01-00 00:00:00,mkschl1,70:8B:CD:5D:7B:B8,-30, WPA2 ,0.000000,0.000000,0.000,0.000,AP
2024-04-01 13:34:46,1900-01-00 00:00:00,mkschl1,70:8B:CD:5D:7B:B8,-30, WPA2 ,0.000000,0.000000,0.000,0.000,AP
2024-04-01 13:34:46,1900-01-00 00:00:00,mkschl1,70:8B:CD:5D:7B:B8,-30, WPA2 ,0.000000,0.000000,0.000,0.000,AP
2024-04-01 13:34:46,1900-01-00 00:00:00,mkschl1,70:8B:CD:5D:7B:B8,-30, WPA2 ,0.000000,0.000000,0.000,0.000,AP
2024-04-01 13:34:46,1900-01-00 00:00:00,mkschl1,70:8B:CD:5D:7B:B8,-30, WPA2 ,0.000000,0.000000,0.000,0.000,AP
2024-04-01 13:34:46,1900-01-00 00:00:00,mkschl1,70:8B:CD:5D:7B:B8,-30, WPA2 ,0.000000,0.000000,0.000,0.000,AP
2024-04-01 13:34:46,1900-01-00 00:00:00,mkschl1,70:8B:CD:5D:7B:B8,-30, WPA2 ,0.000000,0.000000,0.000,0.000,AP
2024-04-01 13:34:46,1900-01-00 00:00:00,mkschl1,70:8B:CD:5D:7B:B8,-30, WPA2 ,0.000000,0.000000,0.000,0.000,AP
2024-04-01 13:34:46,1900-01-00 00:00:00,mkschl1,70:8B:CD:5D:7B:B8,-30, WPA2 ,0.000000,0.000000,0.000,0.000,AP
2024-04-01 13:34:47,1900-01-00 00:00:00,mkschl1,70:8B:CD:5D:7B:B8,-30, WPA2 ,0.000000,0.000000,0.000,0.000,AP
2024-04-01 13:34:47,1900-01-00 00:00:00,mkschl1,70:8B:CD:5D:7B:B8,-30, WPA2 ,0.000000,0.000000,0.000,0.000,AP
2024-04-01 13:34:47,1900-01-00 00:00:00,mkschl1,70:8B:CD:5D:7B:B8,-30, WPA2 ,0.000000,0.000000,0.000,0.000,AP
2024-04-01 13:34:47,1900-01-00 00:00:00,mkschl1,70:8B:CD:5D:7B:B8,-30, WPA2 ,0.000000,0.000000,0.000,0.000,AP
2024-04-01 13:34:47,1900-01-00 00:00:00,mkschl1,70:8B:CD:5D:7B:B8,-30, WPA2 ,0.000000,0.000000,0.000,0.000,AP
2024-04-01 13:34:47,1900-01-00 00:00:00,mkschl1,70:8B:CD:5D:7B:B8,-30, WPA2 ,0.000000,0.000000,0.000,0.000,AP
2024-04-01 13:34:47,1900-01-00 00:00:00,mkschl1,70:8B:CD:5D:7B:B8,-30, WPA2 ,0.000000,0.000000,0.000,0.000,AP
2024-04-01 13:34:47,1900-01-00 00:00:00,mkschl1,70:8B:CD:5D:7B:B8,-30, WPA2 ,0.000000,0.000000,0.000,0.000,AP
2024-04-01 13:34:47,1900-01-00 00:00:00,mkschl1,70:8B:CD:5D:7B:B8,-29, WPA2 ,0.000000,0.000000,0.000,0.000,AP
2024-04-01 13:34:47,1900-01-00 00:00:00,mkschl1,70:8B:CD:5D:7B:B8,-30, WPA2 ,0.000000,0.000000,0.000,0.000,AP
2024-04-01 13:34:48,1900-01-00 00:00:00,mkschl1,70:8B:CD:5D:7B:B8,-30, WPA2 ,0.000000,0.000000,0.000,0.000,AP
2024-04-01 13:34:48,1900-01-00 00:00:00,mkschl1,70:8B:CD:5D:7B:B8,-30, WPA2 ,0.000000,0.000000,0.000,0.000,AP
2024-04-01 13:34:48,1900-01-00 00:00:00,mkschl1,70:8B:CD:5D:7B:B8,-30, WPA2 ,0.000000,0.000000,0.000,0.000,AP
2024-04-01 13:34:48,1900-01-00 00:00:00,mkschl1,70:8B:CD:5D:7B:B8,-30, WPA2 ,0.000000,0.000000,0.000,0.000,AP
2024-04-01 13:34:48,1900-01-00 00:00:00,mkschl1,70:8B:CD:5D:7B:B8,-30, WPA2 ,0.000000,0.000000,0.000,0.000,AP
2024-04-01 13:34:48,1900-01-00 00:00:00,mkschl1,70:8B:CD:5D:7B:B8,-29, WPA2 ,0.000000,0.000000,0.000,0.000,AP
2024-04-01 13:34:48,1900-01-00 00:00:00,mkschl1,70:8B:CD:5D:7B:B8,-30, WPA2 ,0.000000,0.000000,0.000,0.000,AP
2024-04-01 13:34:48,1900-01-00 00:00:00,mkschl1,70:8B:CD:5D:7B:B8,-29, WPA2 ,0.000000,0.000000,0.000,0.000,AP
2024-04-01 13:34:48,1900-01-00 00:00:00,mkschl1,70:8B:CD:5D:7B:B8,-30, WPA2 ,0.000000,0.000000,0.000,0.000,AP
2024-04-01 13:34:48,1900-01-00 00:00:00,mkschl1,70:8B:CD:5D:7B:B8,-30, WPA2 ,0.000000,0.000000,0.000,0.000,AP
2024-04-01 13:34:48,1900-01-00 00:00:00,mkschl1,70:8B:CD:5D:7B:B8,-30, WPA2 ,0.000000,0.000000,0.000,0.000,AP
2024-04-01 13:34:48,1900-01-00 00:00:00,mkschl1,70:8B:CD:5D:7B:B8,-30, WPA2 ,0.000000,0.000000,0.000,0.000,AP
2024-04-01 13:34:48,1900-01-00 00:00:00,mkschl1,70:8B:CD:5D:7B:B8,-29, WPA2 ,0.000000,0.000000,0.000,0.000,AP
2024-04-01 13:34:48,1900-01-00 00:00:00,mkschl1,70:8B:CD:5D:7B:B8,-30, WPA2 ,0.000000,0.000000,0.000,0.000,AP
2024-04-01 13:34:48,1900-01-00 00:00:00,mkschl1,70:8B:CD:5D:7B:B8,-30, WPA2 ,0.000000,0.000000,0.000,0.000,AP
2024-04-01 13:34:48,1900-01-00 00:00:00,mkschl1,70:8B:CD:5D:7B:B8,-30, WPA2 ,0.000000,0.000000,0.000,0.000,AP
2024-04-01 13:34:48,1900-01-00 00:00:00,mkschl1,70:8B:CD:5D:7B:B8,-30, WPA2 ,0.000000,0.000000,0.000,0.000,AP
2024-04-01 13:34:48,1900-01-00 00:00:00,mkschl1,70:8B:CD:5D:7B:B8,-30, WPA2 ,0.000000,0.000000,0.000,0.000,AP
2024-04-01 13:34:48,1900-01-00 00:00:00,mkschl1,70:8B:CD:5D:7B:B8,-30, WPA2 ,0.000000,0.000000,0.000,0.000,AP
2024-04-01 13:34:48,1900-01-00 00:00:00,mkschl1,70:8B:CD:5D:7B:B8,-30, WPA2 ,0.000000,0.000000,0.000,0.000,AP
2024-04-01 13:34:48,1900-01-00 00:00:00,mkschl1,70:8B:CD:5D:7B:B8,-30, WPA2 ,0.000000,0.000000,0.000,0.000,AP
2024-04-01 13:34:48,1900-01-00 00:00:00,mkschl1,70:8B:CD:5D:7B:B8,-30, WPA2 ,0.000000,0.000000,0.000,0.000,AP
2024-04-01 13:34:48,1900-01-00 00:00:00,mkschl1,70:8B:CD:5D:7B:B8,-29, WPA2 ,0.000000,0.000000,0.000,0.000,AP
2024-04-01 13:34:48,1900-01-00 00:00:00,mkschl1,70:8B:CD:5D:7B:B8,-30, WPA2 ,0.000000,0.000000,0.000,0.000,AP
2024-04-01 13:34:48,1900-01-00 00:00:00,mkschl1,70:8B:CD:5D:7B:B8,-30, WPA2 ,0.000000,0.000000,0.000,0.000,AP
2024-04-01 13:34:48,1900-01-00 00:00:00,mkschl1,70:8B:CD:5D:7B:B8,-30, WPA2 ,0.000000,0.000000,0.000,0.000,AP
2024-04-01 13:34:48,1900-01-00 00:00:00,mkschl1,70:8B:CD:5D:7B:B8,-31, WPA2 ,0.000000,0.000000,0.000,0.000,AP
2024-04-01 13:34:48,1900-01-00 00:00:00,mkschl1,70:8B:CD:5D:7B:B8,-30, WPA2 ,0.000000,0.000000,0.000,0.000,AP
2024-04-01 13:34:48,1900-01-00 00:00:00,mkschl1,70:8B:CD:5D:7B:B8,-30, WPA2 ,0.000000,0.000000,0.000,0.000,AP
2024-04-01 13:34:48,1900-01-00 00:00:00,mkschl1,70:8B:CD:5D:7B:B8,-30, WPA2 ,0.000000,0.000000,0.000,0.000,AP
2024-04-01 13:34:48,1900-01-00 00:00:00,mkschl1,70:8B:CD:5D:7B:B8,-30, WPA2 ,0.000000,0.000000,0.000,0.000,AP
2024-04-01 13:34:48,1900-01-00 00:00:00,mkschl1,70:8B:CD:5D:7B:B8,-30, WPA2 ,0.000000,0.000000,0.000,0.000,AP
2024-04-01 13:34:48,1900-01-00 00:00:00,mkschl1,70:8B:CD:5D:7B:B8,-30, WPA2 ,0.000000,0.000000,0.000,0.000,AP
2024-04-01 13:34:48,1900-01-00 00:00:00,mkschl1,70:8B:CD:5D:7B:B8,-30, WPA2 ,0.000000,0.000000,0.000,0.000,AP
2024-04-01 13:34:48,1900-01-00 00:00:00,mkschl1,70:8B:CD:5D:7B:B8,-31, WPA2 ,0.000000,0.000000,0.000,0.000,AP
2024-04-01 13:34:48,1900-01-00 00:00:00,mkschl1,70:8B:CD:5D:7B:B8,-30, WPA2 ,0.000000,0.000000,0.000,0.000,AP
2024-04-01 13:34:48,1900-01-00 00:00:00,mkschl1,70:8B:CD:5D:7B:B8,-30, WPA2 ,0.000000,0.000000,0.000,0.000,AP
2024-04-01 13:34:48,1900-01-00 00:00:00,mkschl1,70:8B:CD:5D:7B:B8,-30, WPA2 ,0.000000,0.000000,0.000,0.000,AP
2024-04-01 13:34:48,1900-01-00 00:00:00,mkschl1,70:8B:CD:5D:7B:B8,-30, WPA2 ,0.000000,0.000000,0.000,0.000,AP
2024-04-01 13:34:48,1900-01-00 00:00:00,mkschl1,70:8B:CD:5D:7B:B8,-30, WPA2 ,0.000000,0.000000,0.000,0.000,AP
2024-04-01 13:34:48,1900-01-00 00:00:00,mkschl1,70:8B:CD:5D:7B:B8,-30, WPA2 ,0.000000,0.000000,0.000,0.000,AP
2024-04-01 13:34:48,1900-01-00 00:00:00,mkschl1,70:8B:CD:5D:7B:B8,-30, WPA2 ,0.000000,0.000000,0.000,0.000,AP
2024-04-01 13:34:48,1900-01-00 00:00:00,mkschl1,70:8B:CD:5D:7B:B8,-30, WPA2 ,0.000000,0.000000,0.000,0.000,AP
2024-04-01 13:34:48,1900-01-00 00:00:00,mkschl1,70:8B:CD:5D:7B:B8,-30, WPA2 ,0.000000,0.000000,0.000,0.000,AP
2024-04-01 13:34:48,1900-01-00 00:00:00,mkschl1,70:8B:CD:5D:7B:B8,-30, WPA2 ,0.000000,0.000000,0.000,0.000,AP
2024-04-01 13:34:48,1900-01-00 00:00:00,mkschl1,70:8B:CD:5D:7B:B8,-31, WPA2 ,0.000000,0.000000,0.000,0.000,AP
2024-04-01 13:34:48,1900-01-00 00:00:00,mkschl1,70:8B:CD:5D:7B:B8,-30, WPA2 ,0.000000,0.000000,0.000,0.000,AP
2024-04-01 13:34:48,1900-01-00 00:00:00,mkschl1,70:8B:CD:5D:7B:B8,-31, WPA2 ,0.000000,0.000000,0.000,0.000,AP
2024-04-01 13:34:49,1900-01-00 00:00:00,mkschl1,70:8B:CD:5D:7B:B8,-30, WPA2 ,0.000000,0.000000,0.000,0.000,AP
2024-04-01 13:34:49,1900-01-00 00:00:00,mkschl1,70:8B:CD:5D:7B:B8,-31, WPA2 ,0.000000,0.000000,0.000,0.000,AP
2024-04-01 13:34:49,1900-01-00 00:00:00,mkschl1,70:8B:CD:5D:7B:B8,-30, WPA2 ,0.000000,0.000000,0.000,0.000,AP
2024-04-01 13:34:49,1900-01-00 00:00:00,mkschl1,70:8B:CD:5D:7B:B8,-30, WPA2 ,0.000000,0.000000,0.000,0.000,AP
2024-04-01 13:34:49,1900-01-00 00:00:00,mkschl1,70:8B:CD:5D:7B:B8,-30, WPA2 ,0.000000,0.000000,0.000,0.000,AP
2024-04-01 13:34:49,1900-01-00 00:00:00,mkschl1,70:8B:CD:5D:7B:B8,-30, WPA2 ,0.000000,0.000000,0.000,0.000,AP
2024-04-01 13:34:49,1900-01-00 00:00:00,mkschl1,70:8B:CD:5D:7B:B8,-30, WPA2 ,0.000000,0.000000,0.000,0.000,AP
2024-04-01 13:34:49,1900-01-00 00:00:00,mkschl1,70:8B:CD:5D:7B:B8,-30, WPA2 ,0.000000,0.000000,0.000,0.000,AP
2024-04-01 13:34:49,1900-01-00 00:00:00,mkschl1,70:8B:CD:5D:7B:B8,-30, WPA2 ,0.000000,0.000000,0.000,0.000,AP
2024-04-01 13:34:50,1900-01-00 00:00:00,mkschl1,70:8B:CD:5D:7B:B8,-29, WPA2 ,0.000000,0.000000,0.000,0.000,AP
2024-04-01 13:34:50,1900-01-00 00:00:00,mkschl1,70:8B:CD:5D:7B:B8,-30, WPA2 ,0.000000,0.000000,0.000,0.000,AP
2024-04-01 13:34:50,1900-01-00 00:00:00,mkschl1,70:8B:CD:5D:7B:B8,-29, WPA2 ,0.000000,0.000000,0.000,0.000,AP
2024-04-01 13:34:50,1900-01-00 00:00:00,mkschl1,70:8B:CD:5D:7B:B8,-30, WPA2 ,0.000000,0.000000,0.000,0.000,AP
2024-04-01 13:34:50,1900-01-00 00:00:00,mkschl1,70:8B:CD:5D:7B:B8,-30, WPA2 ,0.000000,0.000000,0.000,0.000,AP
2024-04-01 13:34:50,1900-01-00 00:00:00,mkschl1,70:8B:CD:5D:7B:B8,-30, WPA2 ,0.000000,0.000000,0.000,0.000,AP
2024-04-01 13:34:50,1900-01-00 00:00:00,mkschl1,70:8B:CD:5D:7B:B8,-30, WPA2 ,0.000000,0.000000,0.000,0.000,AP
2024-04-01 13:34:50,1900-01-00 00:00:00,mkschl1,70:8B:CD:5D:7B:B8,-30, WPA2 ,0.000000,0.000000,0.000,0.000,AP
2024-04-01 13:34:50,1900-01-00 00:00:00,mkschl1,70:8B:CD:5D:7B:B8,-31, WPA2 ,0.000000,0.000000,0.000,0.000,AP
2024-04-01 13:34:50,1900-01-00 00:00:00,mkschl1,70:8B:CD:5D:7B:B8,-30, WPA2 ,0.000000,0.000000,0.000,0.000,AP
2024-04-01 13:34:50,1900-01-00 00:00:00,mkschl1,70:8B:CD:5D:7B:B8,-30, WPA2 ,0.000000,0.000000,0.000,0.000,AP
2024-04-01 13:34:51,1900-01-00 00:00:00,mkschl1,70:8B:CD:5D:7B:B8,-30, WPA2 ,0.000000,0.000000,0.000,0.000,AP
2024-04-01 13:34:51,1900-01-00 00:00:00,mkschl1,70:8B:CD:5D:7B:B8,-30, WPA2 ,0.000000,0.000000,0.000,0.000,AP
2024-04-01 13:34:51,1900-01-00 00:00:00,mkschl1,70:8B:CD:5D:7B:B8,-30, WPA2 ,0.000000,0.000000,0.000,0.000,AP
2024-04-01 13:34:51,1900-01-00 00:00:00,mkschl1,70:8B:CD:5D:7B:B8,-30, WPA2 ,0.000000,0.000000,0.000,0.000,AP
2024-04-01 13:34:51,1900-01-00 00:00:00,mkschl1,70:8B:CD:5D:7B:B8,-30, WPA2 ,0.000000,0.000000,0.000,0.000,AP
2024-04-01 13:34:51,1900-01-00 00:00:00,mkschl1,70:8B:CD:5D:7B:B8,-30, WPA2 ,0.000000,0.000000,0.000,0.000,AP
2024-04-01 13:34:51,1900-01-00 00:00:00,mkschl1,70:8B:CD:5D:7B:B8,-30, WPA2 ,0.000000,0.000000,0.000,0.000,AP
2024-04-01 13:34:51,1900-01-00 00:00:00,mkschl1,70:8B:CD:5D:7B:B8,-30, WPA2 ,0.000000,0.000000,0.000,0.000,AP
2024-04-01 13:34:51,1900-01-00 00:00:00,mkschl1,70:8B:CD:5D:7B:B8,-30, WPA2 ,0.000000,0.000000,0.000,0.000,AP
2024-04-01 13:34:51,1900-01-00 00:00:00,mkschl1,70:8B:CD:5D:7B:B8,-30, WPA2 ,0.000000,0.000000,0.000,0.000,AP
2024-04-01 13:34:51,1900-01-00 00:00:00,mkschl1,70:8B:CD:5D:7B:B8,-30, WPA2 ,0.000000,0.000000,0.000,0.000,AP
2024-04-01 13:34:51,1900-01-00 00:00:00,mkschl1,70:8B:CD:5D:7B:B8,-30, WPA2 ,0.000000,0.000000,0.000,0.000,AP
2024-04-01 13:34:51,1900-01-00 00:00:00,mkschl1,70:8B:CD:5D:7B:B8,-31, WPA2 ,0.000000,0.000000,0.000,0.000,AP
2024-04-01 13:34:51,1900-01-00 00:00:00,mkschl1,70:8B:CD:5D:7B:B8,-31, WPA2 ,0.000000,0.000000,0.000,0.000,AP
2024-04-01 13:34:51,1900-01-00 00:00:00,mkschl1,70:8B:CD:5D:7B:B8,-31, WPA2 ,0.000000,0.000000,0.000,0.000,AP
2024-04-01 13:34:51,1900-01-00 00:00:00,mkschl1,70:8B:CD:5D:7B:B8,-31, WPA2 ,0.000000,0.000000,0.000,0.000,AP
2024-04-01 13:34:51,1900-01-00 00:00:00,mkschl1,70:8B:CD:5D:7B:B8,-31, WPA2 ,0.000000,0.000000,0.000,0.000,AP
2024-04-01 13:34:52,1900-01-00 00:00:00,mkschl1,70:8B:CD:5D:7B:B8,-30, WPA2 ,0.000000,0.000000,0.000,0.000,AP
2024-04-01 13:34:52,1900-01-00 00:00:00,mkschl1,70:8B:CD:5D:7B:B8,-31, WPA2 ,0.000000,0.000000,0.000,0.000,AP
2024-04-01 13:34:52,1900-01-00 00:00:00,mkschl1,70:8B:CD:5D:7B:B8,-30, WPA2 ,0.000000,0.000000,0.000,0.000,AP
2024-04-01 13:34:52,1900-01-00 00:00:00,mkschl1,70:8B:CD:5D:7B:B8,-30, WPA2 ,0.000000,0.000000,0.000,0.000,AP
2024-04-01 13:34:52,1900-01-00 00:00:00,mkschl1,70:8B:CD:5D:7B:B8,-30, WPA2 ,0.000000,0.000000,0.000,0.000,AP
2024-04-01 13:34:52,1900-01-00 00:00:00,mkschl1,70:8B:CD:5D:7B:B8,-30, WPA2 ,0.000000,0.000000,0.000,0.000,AP
2024-04-01 13:34:52,1900-01-00 00:00:00,mkschl1,70:8B:CD:5D:7B:B8,-31, WPA2 ,0.000000,0.000000,0.000,0.000,AP
2024-04-01 13:34:52,1900-01-00 00:00:00,mkschl1,70:8B:CD:5D:7B:B8,-30, WPA2 ,0.000000,0.000000,0.000,0.000,AP
2024-04-01 13:34:52,1900-01-00 00:00:00,mkschl1,70:8B:CD:5D:7B:B8,-30, WPA2 ,0.000000,0.000000,0.000,0.000,AP
2024-04-01 13:34:52,1900-01-00 00:00:00,mkschl1,70:8B:CD:5D:7B:B8,-30, WPA2 ,0.000000,0.000000,0.000,0.000,AP
2024-04-01 13:34:53,1900-01-00 00:00:00,mkschl1,70:8B:CD:5D:7B:B8,-30, WPA2 ,0.000000,0.000000,0.000,0.000,AP
2024-04-01 13:34:53,1900-01-00 00:00:00,mkschl1,70:8B:CD:5D:7B:B8,-30, WPA2 ,0.000000,0.000000,0.000,0.000,AP
2024-04-01 13:34:53,1900-01-00 00:00:00,mkschl1,70:8B:CD:5D:7B:B8,-30, WPA2 ,0.000000,0.000000,0.000,0.000,AP
2024-04-01 13:34:53,1900-01-00 00:00:00,mkschl1,70:8B:CD:5D:7B:B8,-30, WPA2 ,0.000000,0.000000,0.000,0.000,AP
2024-04-01 13:34:53,1900-01-00 00:00:00,mkschl1,70:8B:CD:5D:7B:B8,-30, WPA2 ,0.000000,0.000000,0.000,0.000,AP
2024-04-01 13:34:53,1900-01-00 00:00:00,mkschl1,70:8B:CD:5D:7B:B8,-30, WPA2 ,0.000000,0.000000,0.000,0.000,AP
2024-04-01 13:34:53,1900-01-00 00:00:00,mkschl1,70:8B:CD:5D:7B:B8,-30, WPA2 ,0.000000,0.000000,0.000,0.000,AP
2024-04-01 13:34:53,1900-01-00 00:00:00,mkschl1,70:8B:CD:5D:7B:B8,-30, WPA2 ,0.000000,0.000000,0.000,0.000,AP
2024-04-01 13:34:53,1900-01-00 00:00:00,mkschl1,70:8B:CD:5D:7B:B8,-30, WPA2 ,0.000000,0.000000,0.000,0.000,AP
2024-04-01 13:34:53,1900-01-00 00:00:00,mkschl1,70:8B:CD:5D:7B:B8,-30, WPA2 ,0.000000,0.000000,0.000,0.000,AP
2024-04-01 13:34:54,1900-01-00 00:00:00,mkschl1,70:8B:CD:5D:7B:B8,-30, WPA2 ,0.000000,0.000000,0.000,0.000,AP
2024-04-01 13:34:54,1900-01-00 00:00:00,mkschl1,70:8B:CD:5D:7B:B8,-31, WPA2 ,0.000000,0.000000,0.000,0.000,AP
2024-04-01 13:34:54,1900-01-00 00:00:00,mkschl1,70:8B:CD:5D:7B:B8,-31, WPA2 ,0.000000,0.000000,0.000,0.000,AP
2024-04-01 13:34:54,1900-01-00 00:00:00,mkschl1,70:8B:CD:5D:7B:B8,-30, WPA2 ,0.000000,0.000000,0.000,0.000,AP
2024-04-01 13:34:54,1900-01-00 00:00:00,mkschl1,70:8B:CD:5D:7B:B8,-30, WPA2 ,0.000000,0.000000,0.000,0.000,AP
2024-04-01 13:34:54,1900-01-00 00:00:00,mkschl1,70:8B:CD:5D:7B:B8,-31, WPA2 ,0.000000,0.000000,0.000,0.000,AP
2024-04-01 13:34:54,1900-01-00 00:00:00,mkschl1,70:8B:CD:5D:7B:B8,-31, WPA2 ,0.000000,0.000000,0.000,0.000,AP
2024-04-01 13:34:54,1900-01-00 00:00:00,mkschl1,70:8B:CD:5D:7B:B8,-30, WPA2 ,0.000000,0.000000,0.000,0.000,AP
2024-04-01 13:34:54,1900-01-00 00:00:00,mkschl1,70:8B:CD:5D:7B:B8,-30, WPA2 ,0.000000,0.000000,0.000,0.000,AP
2024-04-01 13:34:54,1900-01-00 00:00:00,mkschl1,70:8B:CD:5D:7B:B8,-31, WPA2 ,0.000000,0.000000,0.000,0.000,AP
2024-04-01 13:34:54,1900-01-00 00:00:00,mkschl1,70:8B:CD:5D:7B:B8,-31, WPA2 ,0.000000,0.000000,0.000,0.000,AP
2024-04-01 13:34:54,1900-01-00 00:00:00,mkschl1,70:8B:CD:5D:7B:B8,-31, WPA2 ,0.000000,0.000000,0.000,0.000,AP
2024-04-01 13:34:54,1900-01-00 00:00:00,mkschl1,70:8B:CD:5D:7B:B8,-31, WPA2 ,0.000000,0.000000,0.000,0.000,AP
2024-04-01 13:34:54,1900-01-00 00:00:00,mkschl1,70:8B:CD:5D:7B:B8,-32, WPA2 ,0.000000,0.000000,0.000,0.000,AP
2024-04-01 13:34:54,1900-01-00 00:00:00,mkschl1,70:8B:CD:5D:7B:B8,-31, WPA2 ,0.000000,0.000000,0.000,0.000,AP
2024-04-01 13:34:54,1900-01-00 00:00:00,mkschl1,70:8B:CD:5D:7B:B8,-31, WPA2 ,0.000000,0.000000,0.000,0.000,AP
2024-04-01 13:34:54,1900-01-00 00:00:00,mkschl1,70:8B:CD:5D:7B:B8,-31, WPA2 ,0.000000,0.000000,0.000,0.000,AP
2024-04-01 13:34:54,1900-01-00 00:00:00,mkschl1,70:8B:CD:5D:7B:B8,-31, WPA2 ,0.000000,0.000000,0.000,0.000,AP
2024-04-01 13:34:54,1900-01-00 00:00:00,mkschl1,70:8B:CD:5D:7B:B8,-31, WPA2 ,0.000000,0.000000,0.000,0.000,AP
2024-04-01 13:34:54,1900-01-00 00:00:00,mkschl1,70:8B:CD:5D:7B:B8,-31, WPA2 ,0.000000,0.000000,0.000,0.000,AP
2024-04-01 13:34:54,1900-01-00 00:00:00,mkschl1,70:8B:CD:5D:7B:B8,-31, WPA2 ,0.000000,0.000000,0.000,0.000,AP
2024-04-01 13:34:54,1900-01-00 00:00:00,mkschl1,70:8B:CD:5D:7B:B8,-31, WPA2 ,0.000000,0.000000,0.000,0.000,AP
2024-04-01 13:34:54,1900-01-00 00:00:00,mkschl1,70:8B:CD:5D:7B:B8,-31, WPA2 ,0.000000,0.000000,0.000,0.000,AP
2024-04-01 13:34:54,1900-01-00 00:00:00,mkschl1,70:8B:CD:5D:7B:B8,-31, WPA2 ,0.000000,0.000000,0.000,0.000,AP
2024-04-01 13:34:54,1900-01-00 00:00:00,mkschl1,70:8B:CD:5D:7B:B8,-30, WPA2 ,0.000000,0.000000,0.000,0.000,AP
2024-04-01 13:34:54,1900-01-00 00:00:00,mkschl1,70:8B:CD:5D:7B:B8,-30, WPA2 ,0.000000,0.000000,0.000,0.000,AP
2024-04-01 13:34:54,1900-01-00 00:00:00,mkschl1,70:8B:CD:5D:7B:B8,-30, WPA2 ,0.000000,0.000000,0.000,0.000,AP
2024-04-01 13:34:54,1900-01-00 00:00:00,mkschl1,70:8B:CD:5D:7B:B8,-31, WPA2 ,0.000000,0.000000,0.000,0.000,AP
2024-04-01 13:34:54,1900-01-00 00:00:00,mkschl1,70:8B:CD:5D:7B:B8,-30, WPA2 ,0.000000,0.000000,0.000,0.000,AP
2024-04-01 13:34:54,1900-01-00 00:00:00,mkschl1,70:8B:CD:5D:7B:B8,-31, WPA2 ,0.000000,0.000000,0.000,0.000,AP
2024-04-01 13:34:54,1900-01-00 00:00:00,mkschl1,70:8B:CD:5D:7B:B8,-31, WPA2 ,0.000000,0.000000,0.000,0.000,AP
2024-04-01 13:34:54,1900-01-00 00:00:00,mkschl1,70:8B:CD:5D:7B:B8,-31, WPA2 ,0.000000,0.000000,0.000,0.000,AP
2024-04-01 13:34:54,1900-01-00 00:00:00,mkschl1,70:8B:CD:5D:7B:B8,-31, WPA2 ,0.000000,0.000000,0.000,0.000,AP
2024-04-01 13:34:54,1900-01-00 00:00:00,mkschl1,70:8B:CD:5D:7B:B8,-31, WPA2 ,0.000000,0.000000,0.000,0.000,AP
2024-04-01 13:34:54,1900-01-00 00:00:00,mkschl1,70:8B:CD:5D:7B:B8,-31, WPA2 ,0.000000,0.000000,0.000,0.000,AP
2024-04-01 13:34:54,1900-01-00 00:00:00,mkschl1,70:8B:CD:5D:7B:B8,-31, WPA2 ,0.000000,0.000000,0.000,0.000,AP
2024-04-01 13:34:54,1900-01-00 00:00:00,mkschl1,70:8B:CD:5D:7B:B8,-30, WPA2 ,0.000000,0.000000,0.000,0.000,AP
2024-04-01 13:34:54,1900-01-00 00:00:00,mkschl1,70:8B:CD:5D:7B:B8,-31, WPA2 ,0.000000,0.000000,0.000,0.000,AP
2024-04-01 13:34:54,1900-01-00 00:00:00,mkschl1,70:8B:CD:5D:7B:B8,-31, WPA2 ,0.000000,0.000000,0.000,0.000,AP
2024-04-01 13:34:54,1900-01-00 00:00:00,mkschl1,70:8B:CD:5D:7B:B8,-31, WPA2 ,0.000000,0.000000,0.000,0.000,AP
2024-04-01 13:34:54,1900-01-00 00:00:00,mkschl1,70:8B:CD:5D:7B:B8,-31, WPA2 ,0.000000,0.000000,0.000,0.000,AP
2024-04-01 13:34:54,1900-01-00 00:00:00,mkschl1,70:8B:CD:5D:7B:B8,-31, WPA2 ,0.000000,0.000000,0.000,0.000,AP
2024-04-01 13:34:54,1900-01-00 00:00:00,mkschl1,70:8B:CD:5D:7B:B8,-31, WPA2 ,0.000000,0.000000,0.000,0.000,AP
2024-04-01 13:34:54,1900-01-00 00:00:00,mkschl1,70:8B:CD:5D:7B:B8,-31, WPA2 ,0.000000,0.000000,0.000,0.000,AP
2024-04-01 13:34:54,1900-01-00 00:00:00,mkschl1,70:8B:CD:5D:7B:B8,-31, WPA2 ,0.000000,0.000000,0.000,0.000,AP
2024-04-01 13:34:54,1900-01-00 00:00:00,mkschl1,70:8B:CD:5D:7B:B8,-31, WPA2 ,0.000000,0.000000,0.000,0.000,AP
2024-04-01 13:34:54,1900-01-00 00:00:00,mkschl1,70:8B:CD:5D:7B:B8,-31, WPA2 ,0.000000,0.000000,0.000,0.000,AP
2024-04-01 13:34:54,1900-01-00 00:00:00,mkschl1,70:8B:CD:5D:7B:B8,-31, WPA2 ,0.000000,0.000000,0.000,0.000,AP
2024-04-01 13:34:54,1900-01-00 00:00:00,mkschl1,70:8B:CD:5D:7B:B8,-31, WPA2 ,0.000000,0.000000,0.000,0.000,AP
2024-04-01 13:34:54,1900-01-00 00:00:00,mkschl1,70:8B:CD:5D:7B:B8,-31, WPA2 ,0.000000,0.000000,0.000,0.000,AP
2024-04-01 13:34:54,1900-01-00 00:00:00,mkschl1,70:8B:CD:5D:7B:B8,-31, WPA2 ,0.000000,0.000000,0.000,0.000,AP
2024-04-01 13:34:54,1900-01-00 00:00:00,mkschl1,70:8B:CD:5D:7B:B8,-31, WPA2 ,0.000000,0.000000,0.000,0.000,AP
2024-04-01 13:34:55,1900-01-00 00:00:00,mkschl1,70:8B:CD:5D:7B:B8,-31, WPA2 ,0.000000,0.000000,0.000,0.000,AP
2024-04-01 13:34:55,1900-01-00 00:00:00,mkschl1,70:8B:CD:5D:7B:B8,-31, WPA2 ,0.000000,0.000000,0.000,0.000,AP
2024-04-01 13:34:55,1900-01-00 00:00:00,mkschl1,70:8B:CD:5D:7B:B8,-30, WPA2 ,0.000000,0.000000,0.000,0.000,AP
2024-04-01 13:34:55,1900-01-00 00:00:00,mkschl1,70:8B:CD:5D:7B:B8,-30, WPA2 ,0.000000,0.000000,0.000,0.000,AP
2024-04-01 13:34:55,1900-01-00 00:00:00,mkschl1,70:8B:CD:5D:7B:B8,-30, WPA2 ,0.000000,0.000000,0.000,0.000,AP
2024-04-01 13:34:55,1900-01-00 00:00:00,mkschl1,70:8B:CD:5D:7B:B8,-30, WPA2 ,0.000000,0.000000,0.000,0.000,AP
2024-04-01 13:34:55,1900-01-00 00:00:00,mkschl1,70:8B:CD:5D:7B:B8,-30, WPA2 ,0.000000,0.000000,0.000,0.000,AP
2024-04-01 13:34:55,1900-01-00 00:00:00,mkschl1,70:8B:CD:5D:7B:B8,-28, WPA2 ,0.000000,0.000000,0.000,0.000,AP
2024-04-01 13:34:55,1900-01-00 00:00:00,mkschl1,70:8B:CD:5D:7B:B8,-31, WPA2 ,0.000000,0.000000,0.000,0.000,AP
2024-04-01 13:34:55,1900-01-00 00:00:00,mkschl1,70:8B:CD:5D:7B:B8,-31, WPA2 ,0.000000,0.000000,0.000,0.000,AP
2024-04-01 13:34:55,1900-01-00 00:00:00,mkschl1,70:8B:CD:5D:7B:B8,-31, WPA2 ,0.000000,0.000000,0.000,0.000,AP
2024-04-01 13:34:55,1900-01-00 00:00:00,mkschl1,70:8B:CD:5D:7B:B8,-31, WPA2 ,0.000000,0.000000,0.000,0.000,AP
2024-04-01 13:34:55,1900-01-00 00:00:00,mkschl1,70:8B:CD:5D:7B:B8,-31, WPA2 ,0.000000,0.000000,0.000,0.000,AP
2024-04-01 13:34:55,1900-01-00 00:00:00,mkschl1,70:8B:CD:5D:7B:B8,-31, WPA2 ,0.000000,0.000000,0.000,0.000,AP
2024-04-01 13:34:55,1900-01-00 00:00:00,mkschl1,70:8B:CD:5D:7B:B8,-31, WPA2 ,0.000000,0.000000,0.000,0.000,AP
2024-04-01 13:34:55,1900-01-00 00:00:00,mkschl1,70:8B:CD:5D:7B:B8,-31, WPA2 ,0.000000,0.000000,0.000,0.000,AP
2024-04-01 13:34:55,1900-01-00 00:00:00,mkschl1,70:8B:CD:5D:7B:B8,-31, WPA2 ,0.000000,0.000000,0.000,0.000,AP
2024-04-01 13:34:55,1900-01-00 00:00:00,mkschl1,70:8B:CD:5D:7B:B8,-31, WPA2 ,0.000000,0.000000,0.000,0.000,AP
2024-04-01 13:34:55,1900-01-00 00:00:00,mkschl1,70:8B:CD:5D:7B:B8,-31, WPA2 ,0.000000,0.000000,0.000,0.000,AP
2024-04-01 13:34:55,1900-01-00 00:00:00,mkschl1,70:8B:CD:5D:7B:B8,-31, WPA2 ,0.000000,0.000000,0.000,0.000,AP
2024-04-01 13:34:55,1900-01-00 00:00:00,mkschl1,70:8B:CD:5D:7B:B8,-31, WPA2 ,0.000000,0.000000,0.000,0.000,AP
2024-04-01 13:34:55,1900-01-00 00:00:00,mkschl1,70:8B:CD:5D:7B:B8,-31, WPA2 ,0.000000,0.000000,0.000,0.000,AP
2024-04-01 13:34:55,1900-01-00 00:00:00,mkschl1,70:8B:CD:5D:7B:B8,-31, WPA2 ,0.000000,0.000000,0.000,0.000,AP
2024-04-01 13:34:55,1900-01-00 00:00:00,mkschl1,70:8B:CD:5D:7B:B8,-31, WPA2 ,0.000000,0.000000,0.000,0.000,AP
2024-04-01 13:34:55,1900-01-00 00:00:00,mkschl1,70:8B:CD:5D:7B:B8,-31, WPA2 ,0.000000,0.000000,0.000,0.000,AP
2024-04-01 13:34:55,1900-01-00 00:00:00,mkschl1,70:8B:CD:5D:7B:B8,-30, WPA2 ,0.000000,0.000000,0.000,0.000,AP
2024-04-01 13:34:55,1900-01-00 00:00:00,mkschl1,70:8B:CD:5D:7B:B8,-31, WPA2 ,0.000000,0.000000,0.000,0.000,AP
2024-04-01 13:34:55,1900-01-00 00:00:00,mkschl1,70:8B:CD:5D:7B:B8,-30, WPA2 ,0.000000,0.000000,0.000,0.000,AP
2024-04-01 13:34:55,1900-01-00 00:00:00,mkschl1,70:8B:CD:5D:7B:B8,-30, WPA2 ,0.000000,0.000000,0.000,0.000,AP
2024-04-01 13:34:55,1900-01-00 00:00:00,mkschl1,70:8B:CD:5D:7B:B8,-30, WPA2 ,0.000000,0.000000,0.000,0.000,AP
2024-04-01 13:34:55,1900-01-00 00:00:00,mkschl1,70:8B:CD:5D:7B:B8,-30, WPA2 ,0.000000,0.000000,0.000,0.000,AP
2024-04-01 13:34:55,1900-01-00 00:00:00,mkschl1,70:8B:CD:5D:7B:B8,-30, WPA2 ,0.000000,0.000000,0.000,0.000,AP
2024-04-01 13:34:56,1900-01-00 00:00:00,mkschl1,70:8B:CD:5D:7B:B8,-30, WPA2 ,0.000000,0.000000,0.000,0.000,AP
2024-04-01 13:34:56,1900-01-00 00:00:00,mkschl1,70:8B:CD:5D:7B:B8,-30, WPA2 ,0.000000,0.000000,0.000,0.000,AP
2024-04-01 13:34:56,1900-01-00 00:00:00,mkschl1,70:8B:CD:5D:7B:B8,-30, WPA2 ,0.000000,0.000000,0.000,0.000,AP
2024-04-01 13:34:56,1900-01-00 00:00:00,mkschl1,70:8B:CD:5D:7B:B8,-30, WPA2 ,0.000000,0.000000,0.000,0.000,AP
2024-04-01 13:34:56,1900-01-00 00:00:00,mkschl1,70:8B:CD:5D:7B:B8,-30, WPA2 ,0.000000,0.000000,0.000,0.000,AP
2024-04-01 13:34:56,1900-01-00 00:00:00,mkschl1,70:8B:CD:5D:7B:B8,-30, WPA2 ,0.000000,0.000000,0.000,0.000,AP
2024-04-01 13:34:56,1900-01-00 00:00:00,mkschl1,70:8B:CD:5D:7B:B8,-30, WPA2 ,0.000000,0.000000,0.000,0.000,AP
2024-04-01 13:34:56,1900-01-00 00:00:00,mkschl1,70:8B:CD:5D:7B:B8,-30, WPA2 ,0.000000,0.000000,0.000,0.000,AP
2024-04-01 13:34:56,1900-01-00 00:00:00,mkschl1,70:8B:CD:5D:7B:B8,-30, WPA2 ,0.000000,0.000000,0.000,0.000,AP
2024-04-01 13:34:56,1900-01-00 00:00:00,mkschl1,70:8B:CD:5D:7B:B8,-30, WPA2 ,0.000000,0.000000,0.000,0.000,AP
2024-04-01 13:34:56,1900-01-00 00:00:00,mkschl1,70:8B:CD:5D:7B:B8,-30, WPA2 ,0.000000,0.000000,0.000,0.000,AP
2024-04-01 13:34:56,1900-01-00 00:00:00,mkschl1,70:8B:CD:5D:7B:B8,-30, WPA2 ,0.000000,0.000000,0.000,0.000,AP
2024-04-01 13:34:57,1900-01-00 00:00:00,mkschl1,70:8B:CD:5D:7B:B8,-31, WPA2 ,0.000000,0.000000,0.000,0.000,AP
2024-04-01 13:34:57,1900-01-00 00:00:00,mkschl1,70:8B:CD:5D:7B:B8,-30, WPA2 ,0.000000,0.000000,0.000,0.000,AP
2024-04-01 13:34:57,1900-01-00 00:00:00,mkschl1,70:8B:CD:5D:7B:B8,-30, WPA2 ,0.000000,0.000000,0.000,0.000,AP
2024-04-01 13:34:57,1900-01-00 00:00:00,mkschl1,70:8B:CD:5D:7B:B8,-30, WPA2 ,0.000000,0.000000,0.000,0.000,AP
2024-04-01 13:34:57,1900-01-00 00:00:00,mkschl1,70:8B:CD:5D:7B:B8,-30, WPA2 ,0.000000,0.000000,0.000,0.000,AP
2024-04-01 13:34:57,1900-01-00 00:00:00,mkschl1,70:8B:CD:5D:7B:B8,-30, WPA2 ,0.000000,0.000000,0.000,0.000,AP
2024-04-01 13:34:57,1900-01-00 00:00:00,mkschl1,70:8B:CD:5D:7B:B8,-31, WPA2 ,0.000000,0.000000,0.000,0.000,AP
2024-04-01 13:34:57,1900-01-00 00:00:00,mkschl1,70:8B:CD:5D:7B:B8,-30, WPA2 ,0.000000,0.000000,0.000,0.000,AP
2024-04-01 13:34:57,1900-01-00 00:00:00,mkschl1,70:8B:CD:5D:7B:B8,-31, WPA2 ,0.000000,0.000000,0.000,0.000,AP
2024-04-01 13:34:57,1900-01-00 00:00:00,mkschl1,70:8B:CD:5D:7B:B8,-30, WPA2 ,0.000000,0.000000,0.000,0.000,AP
2024-04-01 13:34:57,1900-01-00 00:00:00,mkschl1,70:8B:CD:5D:7B:B8,-30, WPA2 ,0.000000,0.000000,0.000,0.000,AP
2024-04-01 13:34:57,1900-01-00 00:00:00,mkschl1,70:8B:CD:5D:7B:B8,-30, WPA2 ,0.000000,0.000000,0.000,0.000,AP
2024-04-01 13:34:57,1900-01-00 00:00:00,mkschl1,70:8B:CD:5D:7B:B8,-30, WPA2 ,0.000000,0.000000,0.000,0.000,AP
2024-04-01 13:34:57,1900-01-00 00:00:00,mkschl1,70:8B:CD:5D:7B:B8,-31, WPA2 ,0.000000,0.000000,0.000,0.000,AP
2024-04-01 13:34:57,1900-01-00 00:00:00,mkschl1,70:8B:CD:5D:7B:B8,-30, WPA2 ,0.000000,0.000000,0.000,0.000,AP
2024-04-01 13:34:57,1900-01-00 00:00:00,mkschl1,70:8B:CD:5D:7B:B8,-30, WPA2 ,0.000000,0.000000,0.000,0.000,AP
2024-04-01 13:34:57,1900-01-00 00:00:00,mkschl1,70:8B:CD:5D:7B:B8,-30, WPA2 ,0.000000,0.000000,0.000,0.000,AP
2024-04-01 13:34:57,1900-01-00 00:00:00,mkschl1,70:8B:CD:5D:7B:B8,-30, WPA2 ,0.000000,0.000000,0.000,0.000,AP
2024-04-01 13:34:57,1900-01-00 00:00:00,mkschl1,70:8B:CD:5D:7B:B8,-30, WPA2 ,0.000000,0.000000,0.000,0.000,AP
2024-04-01 13:34:57,1900-01-00 00:00:00,mkschl1,70:8B:CD:5D:7B:B8,-30, WPA2 ,0.000000,0.000000,0.000,0.000,AP
2024-04-01 13:34:57,1900-01-00 00:00:00,mkschl1,70:8B:CD:5D:7B:B8,-30, WPA2 ,0.000000,0.000000,0.000,0.000,AP
2024-04-01 13:34:57,1900-01-00 00:00:00,mkschl1,70:8B:CD:5D:7B:B8,-30, WPA2 ,0.000000,0.000000,0.000,0.000,AP
2024-04-01 13:34:57,1900-01-00 00:00:00,mkschl1,70:8B:CD:5D:7B:B8,-30, WPA2 ,0.000000,0.000000,0.000,0.000,AP
2024-04-01 13:34:57,1900-01-00 00:00:00,mkschl1,70:8B:CD:5D:7B:B8,-30, WPA2 ,0.000000,0.000000,0.000,0.000,AP
2024-04-01 13:34:57,1900-01-00 00:00:00,mkschl1,70:8B:CD:5D:7B:B8,-30, WPA2 ,0.000000,0.000000,0.000,0.000,AP
2024-04-01 13:34:57,1900-01-00 00:00:00,mkschl1,70:8B:CD:5D:7B:B8,-30, WPA2 ,0.000000,0.000000,0.000,0.000,AP
2024-04-01 13:34:57,1900-01-00 00:00:00,mkschl1,70:8B:CD:5D:7B:B8,-30, WPA2 ,0.000000,0.000000,0.000,0.000,AP
2024-04-01 13:34:57,1900-01-00 00:00:00,mkschl1,70:8B:CD:5D:7B:B8,-30, WPA2 ,0.000000,0.000000,0.000,0.000,AP
2024-04-01 13:34:58,1900-01-00 00:00:00,mkschl1,70:8B:CD:5D:7B:B8,-30, WPA2 ,0.000000,0.000000,0.000,0.000,AP
2024-04-01 13:34:58,1900-01-00 00:00:00,mkschl1,70:8B:CD:5D:7B:B8,-30, WPA2 ,0.000000,0.000000,0.000,0.000,AP
2024-04-01 13:34:58,1900-01-00 00:00:00,mkschl1,70:8B:CD:5D:7B:B8,-30, WPA2 ,0.000000,0.000000,0.000,0.000,AP
2024-04-01 13:34:58,1900-01-00 00:00:00,mkschl1,70:8B:CD:5D:7B:B8,-30, WPA2 ,0.000000,0.000000,0.000,0.000,AP
2024-04-01 13:34:58,1900-01-00 00:00:00,mkschl1,70:8B:CD:5D:7B:B8,-30, WPA2 ,0.000000,0.000000,0.000,0.000,AP
2024-04-01 13:34:58,1900-01-00 00:00:00,mkschl1,70:8B:CD:5D:7B:B8,-31, WPA2 ,0.000000,0.000000,0.000,0.000,AP
2024-04-01 13:34:58,1900-01-00 00:00:00,mkschl1,70:8B:CD:5D:7B:B8,-31, WPA2 ,0.000000,0.000000,0.000,0.000,AP
2024-04-01 13:34:58,1900-01-00 00:00:00,mkschl1,70:8B:CD:5D:7B:B8,-30, WPA2 ,0.000000,0.000000,0.000,0.000,AP
2024-04-01 13:34:58,1900-01-00 00:00:00,mkschl1,70:8B:CD:5D:7B:B8,-30, WPA2 ,0.000000,0.000000,0.000,0.000,AP
2024-04-01 13:34:59,1900-01-00 00:00:00,mkschl1,70:8B:CD:5D:7B:B8,-30, WPA2 ,0.000000,0.000000,0.000,0.000,AP
2024-04-01 13:34:59,1900-01-00 00:00:00,mkschl1,70:8B:CD:5D:7B:B8,-30, WPA2 ,0.000000,0.000000,0.000,0.000,AP
2024-04-01 13:34:59,1900-01-00 00:00:00,mkschl1,70:8B:CD:5D:7B:B8,-30, WPA2 ,0.000000,0.000000,0.000,0.000,AP
2024-04-01 13:34:59,1900-01-00 00:00:00,mkschl1,70:8B:CD:5D:7B:B8,-30, WPA2 ,0.000000,0.000000,0.000,0.000,AP
2024-04-01 13:34:59,1900-01-00 00:00:00,mkschl1,70:8B:CD:5D:7B:B8,-30, WPA2 ,0.000000,0.000000,0.000,0.000,AP
2024-04-01 13:34:59,1900-01-00 00:00:00,mkschl1,70:8B:CD:5D:7B:B8,-30, WPA2 ,0.000000,0.000000,0.000,0.000,AP
2024-04-01 13:34:59,1900-01-00 00:00:00,mkschl1,70:8B:CD:5D:7B:B8,-30, WPA2 ,0.000000,0.000000,0.000,0.000,AP
2024-04-01 13:34:59,1900-01-00 00:00:00,mkschl1,70:8B:CD:5D:7B:B8,-30, WPA2 ,0.000000,0.000000,0.000,0.000,AP
2024-04-01 13:34:59,1900-01-00 00:00:00,mkschl1,70:8B:CD:5D:7B:B8,-31, WPA2 ,0.000000,0.000000,0.000,0.000,AP
2024-04-01 13:34:59,1900-01-00 00:00:00,mkschl1,70:8B:CD:5D:7B:B8,-30, WPA2 ,0.000000,0.000000,0.000,0.000,AP
2024-04-01 13:35:00,1900-01-00 00:00:00,mkschl1,70:8B:CD:5D:7B:B8,-31, WPA2 ,0.000000,0.000000,0.000,0.000,AP
2024-04-01 13:35:00,1900-01-00 00:00:00,mkschl1,70:8B:CD:5D:7B:B8,-31, WPA2 ,0.000000,0.000000,0.000,0.000,AP
2024-04-01 13:35:00,1900-01-00 00:00:00,mkschl1,70:8B:CD:5D:7B:B8,-30, WPA2 ,0.000000,0.000000,0.000,0.000,AP
2024-04-01 13:35:00,1900-01-00 00:00:00,mkschl1,70:8B:CD:5D:7B:B8,-30, WPA2 ,0.000000,0.000000,0.000,0.000,AP
2024-04-01 13:35:00,1900-01-00 00:00:00,mkschl1,70:8B:CD:5D:7B:B8,-30, WPA2 ,0.000000,0.000000,0.000,0.000,AP
2024-04-01 13:35:00,1900-01-00 00:00:00,mkschl1,70:8B:CD:5D:7B:B8,-30, WPA2 ,0.000000,0.000000,0.000,0.000,AP
2024-04-01 13:35:00,1900-01-00 00:00:00,mkschl1,70:8B:CD:5D:7B:B8,-30, WPA2 ,0.000000,0.000000,0.000,0.000,AP
2024-04-01 13:35:00,1900-01-00 00:00:00,mkschl1,70:8B:CD:5D:7B:B8,-30, WPA2 ,0.000000,0.000000,0.000,0.000,AP
2024-04-01 13:35:00,1900-01-00 00:00:00,mkschl1,70:8B:CD:5D:7B:B8,-30, WPA2 ,0.000000,0.000000,0.000,0.000,AP
2024-04-01 13:35:00,1900-01-00 00:00:00,mkschl1,70:8B:CD:5D:7B:B8,-30, WPA2 ,0.000000,0.000000,0.000,0.000,AP
2024-04-01 13:35:00,1900-01-00 00:00:00,mkschl1,70:8B:CD:5D:7B:B8,-30, WPA2 ,0.000000,0.000000,0.000,0.000,AP
2024-04-01 13:35:00,1900-01-00 00:00:00,mkschl1,70:8B:CD:5D:7B:B8,-30, WPA2 ,0.000000,0.000000,0.000,0.000,AP
2024-04-01 13:35:00,1900-01-00 00:00:00,mkschl1,70:8B:CD:5D:7B:B8,-31, WPA2 ,0.000000,0.000000,0.000,0.000,AP
2024-04-01 13:35:00,1900-01-00 00:00:00,mkschl1,70:8B:CD:5D:7B:B8,-30, WPA2 ,0.000000,0.000000,0.000,0.000,AP
2024-04-01 13:35:00,1900-01-00 00:00:00,mkschl1,70:8B:CD:5D:7B:B8,-30, WPA2 ,0.000000,0.000000,0.000,0.000,AP
2024-04-01 13:35:00,1900-01-00 00:00:00,mkschl1,70:8B:CD:5D:7B:B8,-30, WPA2 ,0.000000,0.000000,0.000,0.000,AP
2024-04-01 13:35:00,1900-01-00 00:00:00,mkschl1,70:8B:CD:5D:7B:B8,-31, WPA2 ,0.000000,0.000000,0.000,0.000,AP
2024-04-01 13:35:00,1900-01-00 00:00:00,mkschl1,70:8B:CD:5D:7B:B8,-30, WPA2 ,0.000000,0.000000,0.000,0.000,AP
2024-04-01 13:35:00,1900-01-00 00:00:00,mkschl1,70:8B:CD:5D:7B:B8,-31, WPA2 ,0.000000,0.000000,0.000,0.000,AP
2024-04-01 13:35:01,1900-01-00 00:00:00,mkschl1,70:8B:CD:5D:7B:B8,-31, WPA2 ,0.000000,0.000000,0.000,0.000,AP
2024-04-01 13:35:01,1900-01-00 00:00:00,mkschl1,70:8B:CD:5D:7B:B8,-30, WPA2 ,0.000000,0.000000,0.000,0.000,AP
2024-04-01 13:35:01,1900-01-00 00:00:00,mkschl1,70:8B:CD:5D:7B:B8,-30, WPA2 ,0.000000,0.000000,0.000,0.000,AP
2024-04-01 13:35:01,1900-01-00 00:00:00,mkschl1,70:8B:CD:5D:7B:B8,-30, WPA2 ,0.000000,0.000000,0.000,0.000,AP
2024-04-01 13:35:01,1900-01-00 00:00:00,mkschl1,70:8B:CD:5D:7B:B8,-30, WPA2 ,0.000000,0.000000,0.000,0.000,AP
2024-04-01 13:35:01,1900-01-00 00:00:00,mkschl1,70:8B:CD:5D:7B:B8,-30, WPA2 ,0.000000,0.000000,0.000,0.000,AP
2024-04-01 13:35:01,1900-01-00 00:00:00,mkschl1,70:8B:CD:5D:7B:B8,-31, WPA2 ,0.000000,0.000000,0.000,0.000,AP
2024-04-01 13:35:01,1900-01-00 00:00:00,mkschl1,70:8B:CD:5D:7B:B8,-30, WPA2 ,0.000000,0.000000,0.000,0.000,AP
2024-04-01 13:35:01,1900-01-00 00:00:00,mkschl1,70:8B:CD:5D:7B:B8,-30, WPA2 ,0.000000,0.000000,0.000,0.000,AP
2024-04-01 13:35:01,1900-01-00 00:00:00,mkschl1,70:8B:CD:5D:7B:B8,-32, WPA2 ,0.000000,0.000000,0.000,0.000,AP
2024-04-01 13:35:01,1900-01-00 00:00:00,mkschl1,70:8B:CD:5D:7B:B8,-30, WPA2 ,0.000000,0.000000,0.000,0.000,AP
2024-04-01 13:35:01,1900-01-00 00:00:00,mkschl1,70:8B:CD:5D:7B:B8,-30, WPA2 ,0.000000,0.000000,0.000,0.000,AP
2024-04-01 13:35:01,1900-01-00 00:00:00,mkschl1,70:8B:CD:5D:7B:B8,-30, WPA2 ,0.000000,0.000000,0.000,0.000,AP
2024-04-01 13:35:01,1900-01-00 00:00:00,mkschl1,70:8B:CD:5D:7B:B8,-31, WPA2 ,0.000000,0.000000,0.000,0.000,AP
2024-04-01 13:35:01,1900-01-00 00:00:00,mkschl1,70:8B:CD:5D:7B:B8,-31, WPA2 ,0.000000,0.000000,0.000,0.000,AP
2024-04-01 13:35:01,1900-01-00 00:00:00,mkschl1,70:8B:CD:5D:7B:B8,-31, WPA2 ,0.000000,0.000000,0.000,0.000,AP
2024-04-01 13:35:01,1900-01-00 00:00:00,mkschl1,70:8B:CD:5D:7B:B8,-31, WPA2 ,0.000000,0.000000,0.000,0.000,AP
2024-04-01 13:35:01,1900-01-00 00:00:00,mkschl1,70:8B:CD:5D:7B:B8,-31, WPA2 ,0.000000,0.000000,0.000,0.000,AP
2024-04-01 13:35:01,1900-01-00 00:00:00,mkschl1,70:8B:CD:5D:7B:B8,-30, WPA2 ,0.000000,0.000000,0.000,0.000,AP
2024-04-01 13:35:01,1900-01-00 00:00:00,mkschl1,70:8B:CD:5D:7B:B8,-30, WPA2 ,0.000000,0.000000,0.000,0.000,AP
2024-04-01 13:35:01,1900-01-00 00:00:00,mkschl1,70:8B:CD:5D:7B:B8,-30, WPA2 ,0.000000,0.000000,0.000,0.000,AP
2024-04-01 13:35:01,1900-01-00 00:00:00,mkschl1,70:8B:CD:5D:7B:B8,-30, WPA2 ,0.000000,0.000000,0.000,0.000,AP
2024-04-01 13:35:01,1900-01-00 00:00:00,mkschl1,70:8B:CD:5D:7B:B8,-30, WPA2 ,0.000000,0.000000,0.000,0.000,AP
2024-04-01 13:35:01,1900-01-00 00:00:00,mkschl1,70:8B:CD:5D:7B:B8,-30, WPA2 ,0.000000,0.000000,0.000,0.000,AP
2024-04-01 13:35:01,1900-01-00 00:00:00,mkschl1,70:8B:CD:5D:7B:B8,-30, WPA2 ,0.000000,0.000000,0.000,0.000,AP
2024-04-01 13:35:01,1900-01-00 00:00:00,mkschl1,70:8B:CD:5D:7B:B8,-30, WPA2 ,0.000000,0.000000,0.000,0.000,AP
2024-04-01 13:35:01,1900-01-00 00:00:00,mkschl1,70:8B:CD:5D:7B:B8,-30, WPA2 ,0.000000,0.000000,0.000,0.000,AP
2024-04-01 13:35:01,1900-01-00 00:00:00,mkschl1,70:8B:CD:5D:7B:B8,-30, WPA2 ,0.000000,0.000000,0.000,0.000,AP
2024-04-01 13:35:01,1900-01-00 00:00:00,mkschl1,70:8B:CD:5D:7B:B8,-30, WPA2 ,0.000000,0.000000,0.000,0.000,AP
2024-04-01 13:35:01,1900-01-00 00:00:00,mkschl1,70:8B:CD:5D:7B:B8,-30, WPA2 ,0.000000,0.000000,0.000,0.000,AP
2024-04-01 13:35:01,1900-01-00 00:00:00,mkschl1,70:8B:CD:5D:7B:B8,-31, WPA2 ,0.000000,0.000000,0.000,0.000,AP
2024-04-01 13:35:01,1900-01-00 00:00:00,mkschl1,70:8B:CD:5D:7B:B8,-30, WPA2 ,0.000000,0.000000,0.000,0.000,AP
2024-04-01 13:35:01,1900-01-00 00:00:00,mkschl1,70:8B:CD:5D:7B:B8,-30, WPA2 ,0.000000,0.000000,0.000,0.000,AP
2024-04-01 13:35:01,1900-01-00 00:00:00,mkschl1,70:8B:CD:5D:7B:B8,-30, WPA2 ,0.000000,0.000000,0.000,0.000,AP
2024-04-01 13:35:01,1900-01-00 00:00:00,mkschl1,70:8B:CD:5D:7B:B8,-31, WPA2 ,0.000000,0.000000,0.000,0.000,AP
2024-04-01 13:35:01,1900-01-00 00:00:00,mkschl1,70:8B:CD:5D:7B:B8,-31, WPA2 ,0.000000,0.000000,0.000,0.000,AP
2024-04-01 13:35:01,1900-01-00 00:00:00,mkschl1,70:8B:CD:5D:7B:B8,-30, WPA2 ,0.000000,0.000000,0.000,0.000,AP
2024-04-01 13:35:02,1900-01-00 00:00:00,mkschl1,70:8B:CD:5D:7B:B8,-30, WPA2 ,0.000000,0.000000,0.000,0.000,AP
2024-04-01 13:35:02,1900-01-00 00:00:00,mkschl1,70:8B:CD:5D:7B:B8,-30, WPA2 ,0.000000,0.000000,0.000,0.000,AP
2024-04-01 13:35:02,1900-01-00 00:00:00,mkschl1,70:8B:CD:5D:7B:B8,-30, WPA2 ,0.000000,0.000000,0.000,0.000,AP
2024-04-01 13:35:02,1900-01-00 00:00:00,mkschl1,70:8B:CD:5D:7B:B8,-30, WPA2 ,0.000000,0.000000,0.000,0.000,AP
2024-04-01 13:35:02,1900-01-00 00:00:00,mkschl1,70:8B:CD:5D:7B:B8,-30, WPA2 ,0.000000,0.000000,0.000,0.000,AP
2024-04-01 13:35:02,1900-01-00 00:00:00,mkschl1,70:8B:CD:5D:7B:B8,-30, WPA2 ,0.000000,0.000000,0.000,0.000,AP
2024-04-01 13:35:02,1900-01-00 00:00:00,mkschl1,70:8B:CD:5D:7B:B8,-31, WPA2 ,0.000000,0.000000,0.000,0.000,AP
2024-04-01 13:35:02,1900-01-00 00:00:00,mkschl1,70:8B:CD:5D:7B:B8,-30, WPA2 ,0.000000,0.000000,0.000,0.000,AP
2024-04-01 13:35:02,1900-01-00 00:00:00,mkschl1,70:8B:CD:5D:7B:B8,-30, WPA2 ,0.000000,0.000000,0.000,0.000,AP
2024-04-01 13:35:02,1900-01-00 00:00:00,mkschl1,70:8B:CD:5D:7B:B8,-30, WPA2 ,0.000000,0.000000,0.000,0.000,AP
2024-04-01 13:35:02,1900-01-00 00:00:00,mkschl1,70:8B:CD:5D:7B:B8,-30, WPA2 ,0.000000,0.000000,0.000,0.000,AP
2024-04-01 13:35:02,1900-01-00 00:00:00,mkschl1,70:8B:CD:5D:7B:B8,-31, WPA2 ,0.000000,0.000000,0.000,0.000,AP
2024-04-01 13:35:02,1900-01-00 00:00:00,mkschl1,70:8B:CD:5D:7B:B8,-30, WPA2 ,0.000000,0.000000,0.000,0.000,AP
2024-04-01 13:35:02,1900-01-00 00:00:00,mkschl1,70:8B:CD:5D:7B:B8,-30, WPA2 ,0.000000,0.000000,0.000,0.000,AP
2024-04-01 13:35:02,1900-01-00 00:00:00,mkschl1,70:8B:CD:5D:7B:B8,-31, WPA2 ,0.000000,0.000000,0.000,0.000,AP
2024-04-01 13:35:02,1900-01-00 00:00:00,mkschl1,70:8B:CD:5D:7B:B8,-30, WPA2 ,0.000000,0.000000,0.000,0.000,AP
2024-04-01 13:35:03,1900-01-00 00:00:00,mkschl1,70:8B:CD:5D:7B:B8,-31, WPA2 ,0.000000,0.000000,0.000,0.000,AP
2024-04-01 13:35:03,1900-01-00 00:00:00,mkschl1,70:8B:CD:5D:7B:B8,-28, WPA2 ,0.000000,0.000000,0.000,0.000,AP
2024-04-01 13:35:03,1900-01-00 00:00:00,mkschl1,70:8B:CD:5D:7B:B8,-31, WPA2 ,0.000000,0.000000,0.000,0.000,AP
2024-04-01 13:35:03,1900-01-00 00:00:00,mkschl1,70:8B:CD:5D:7B:B8,-30, WPA2 ,0.000000,0.000000,0.000,0.000,AP
2024-04-01 13:35:03,1900-01-00 00:00:00,mkschl1,70:8B:CD:5D:7B:B8,-30, WPA2 ,0.000000,0.000000,0.000,0.000,AP
2024-04-01 13:35:03,1900-01-00 00:00:00,mkschl1,70:8B:CD:5D:7B:B8,-30, WPA2 ,0.000000,0.000000,0.000,0.000,AP
2024-04-01 13:35:03,1900-01-00 00:00:00,mkschl1,70:8B:CD:5D:7B:B8,-30, WPA2 ,0.000000,0.000000,0.000,0.000,AP
2024-04-01 13:35:03,1900-01-00 00:00:00,mkschl1,70:8B:CD:5D:7B:B8,-30, WPA2 ,0.000000,0.000000,0.000,0.000,AP
2024-04-01 13:35:03,1900-01-00 00:00:00,mkschl1,70:8B:CD:5D:7B:B8,-30, WPA2 ,0.000000,0.000000,0.000,0.000,AP
2024-04-01 13:35:03,1900-01-00 00:00:00,mkschl1,70:8B:CD:5D:7B:B8,-30, WPA2 ,0.000000,0.000000,0.000,0.000,AP
2024-04-01 13:35:03,1900-01-00 00:00:00,mkschl1,70:8B:CD:5D:7B:B8,-30, WPA2 ,0.000000,0.000000,0.000,0.000,AP
2024-04-01 13:35:03,1900-01-00 00:00:00,mkschl1,70:8B:CD:5D:7B:B8,-30, WPA2 ,0.000000,0.000000,0.000,0.000,AP
2024-04-01 13:35:03,1900-01-00 00:00:00,mkschl1,70:8B:CD:5D:7B:B8,-30, WPA2 ,0.000000,0.000000,0.000,0.000,AP
2024-04-01 13:35:03,1900-01-00 00:00:00,mkschl1,70:8B:CD:5D:7B:B8,-29, WPA2 ,0.000000,0.000000,0.000,0.000,AP
2024-04-01 13:35:03,1900-01-00 00:00:00,mkschl1,70:8B:CD:5D:7B:B8,-30, WPA2 ,0.000000,0.000000,0.000,0.000,AP
2024-04-01 13:35:03,1900-01-00 00:00:00,mkschl1,70:8B:CD:5D:7B:B8,-30, WPA2 ,0.000000,0.000000,0.000,0.000,AP
2024-04-01 13:35:03,1900-01-00 00:00:00,mkschl1,70:8B:CD:5D:7B:B8,-30, WPA2 ,0.000000,0.000000,0.000,0.000,AP
2024-04-01 13:35:03,1900-01-00 00:00:00,mkschl1,70:8B:CD:5D:7B:B8,-30, WPA2 ,0.000000,0.000000,0.000,0.000,AP
2024-04-01 13:35:03,1900-01-00 00:00:00,mkschl1,70:8B:CD:5D:7B:B8,-30, WPA2 ,0.000000,0.000000,0.000,0.000,AP
2024-04-01 13:35:03,1900-01-00 00:00:00,mkschl1,70:8B:CD:5D:7B:B8,-30, WPA2 ,0.000000,0.000000,0.000,0.000,AP
2024-04-01 13:35:03,1900-01-00 00:00:00,mkschl1,70:8B:CD:5D:7B:B8,-30, WPA2 ,0.000000,0.000000,0.000,0.000,AP
2024-04-01 13:35:03,1900-01-00 00:00:00,mkschl1,70:8B:CD:5D:7B:B8,-30, WPA2 ,0.000000,0.000000,0.000,0.000,AP
2024-04-01 13:35:03,1900-01-00 00:00:00,mkschl1,70:8B:CD:5D:7B:B8,-30, WPA2 ,0.000000,0.000000,0.000,0.000,AP
2024-04-01 13:35:03,1900-01-00 00:00:00,mkschl1,70:8B:CD:5D:7B:B8,-31, WPA2 ,0.000000,0.000000,0.000,0.000,AP
2024-04-01 13:35:03,1900-01-00 00:00:00,mkschl1,70:8B:CD:5D:7B:B8,-30, WPA2 ,0.000000,0.000000,0.000,0.000,AP
2024-04-01 13:35:04,1900-01-00 00:00:00,mkschl1,70:8B:CD:5D:7B:B8,-30, WPA2 ,0.000000,0.000000,0.000,0.000,AP
2024-04-01 13:35:04,1900-01-00 00:00:00,mkschl1,70:8B:CD:5D:7B:B8,-31, WPA2 ,0.000000,0.000000,0.000,0.000,AP
2024-04-01 13:35:04,1900-01-00 00:00:00,mkschl1,70:8B:CD:5D:7B:B8,-30, WPA2 ,0.000000,0.000000,0.000,0.000,AP
2024-04-01 13:35:04,1900-01-00 00:00:00,mkschl1,70:8B:CD:5D:7B:B8,-30, WPA2 ,0.000000,0.000000,0.000,0.000,AP
2024-04-01 13:35:04,1900-01-00 00:00:00,mkschl1,70:8B:CD:5D:7B:B8,-30, WPA2 ,0.000000,0.000000,0.000,0.000,AP
2024-04-01 13:35:04,1900-01-00 00:00:00,mkschl1,70:8B:CD:5D:7B:B8,-30, WPA2 ,0.000000,0.000000,0.000,0.000,AP
2024-04-01 13:35:04,1900-01-00 00:00:00,mkschl1,70:8B:CD:5D:7B:B8,-29, WPA2 ,0.000000,0.000000,0.000,0.000,AP
2024-04-01 13:35:04,1900-01-00 00:00:00,mkschl1,70:8B:CD:5D:7B:B8,-30, WPA2 ,0.000000,0.000000,0.000,0.000,AP
2024-04-01 13:35:04,1900-01-00 00:00:00,mkschl1,70:8B:CD:5D:7B:B8,-30, WPA2 ,0.000000,0.000000,0.000,0.000,AP
2024-04-01 13:35:04,1900-01-00 00:00:00,mkschl1,70:8B:CD:5D:7B:B8,-30, WPA2 ,0.000000,0.000000,0.000,0.000,AP
2024-04-01 13:35:04,1900-01-00 00:00:00,mkschl1,70:8B:CD:5D:7B:B8,-30, WPA2 ,0.000000,0.000000,0.000,0.000,AP
2024-04-01 13:35:04,1900-01-00 00:00:00,mkschl1,70:8B:CD:5D:7B:B8,-30, WPA2 ,0.000000,0.000000,0.000,0.000,AP
2024-04-01 13:35:04,1900-01-00 00:00:00,mkschl1,70:8B:CD:5D:7B:B8,-30, WPA2 ,0.000000,0.000000,0.000,0.000,AP
2024-04-01 13:35:04,1900-01-00 00:00:00,mkschl1,70:8B:CD:5D:7B:B8,-30, WPA2 ,0.000000,0.000000,0.000,0.000,AP
2024-04-01 13:35:04,1900-01-00 00:00:00,mkschl1,70:8B:CD:5D:7B:B8,-30, WPA2 ,0.000000,0.000000,0.000,0.000,AP
2024-04-01 13:35:04,1900-01-00 00:00:00,mkschl1,70:8B:CD:5D:7B:B8,-30, WPA2 ,0.000000,0.000000,0.000,0.000,AP
2024-04-01 13:35:04,1900-01-00 00:00:00,mkschl1,70:8B:CD:5D:7B:B8,-30, WPA2 ,0.000000,0.000000,0.000,0.000,AP
